data/HELEN/100032540_1.jpg,582,380,1108,1056,0
data/HELEN/100040721_2.jpg,231,173,429,421,1
data/HELEN/1002681492_1.jpg,329,107,666,517,0
data/HELEN/1004467229_1.jpg,201,46,367,262,0
data/HELEN/100466187_1.jpg,423,303,889,941,1
data/HELEN/100843687_1.jpg,189,274,508,655,0
data/HELEN/1010057391_1.jpg,189,178,638,733,1
data/HELEN/1018882799_1.jpg,939,672,1841,1812,1
data/HELEN/1019068877_1.jpg,672,397,1131,1105,1
data/HELEN/1030333538_1.jpg,307,4,646,410,1
data/HELEN/103236168_1.jpg,357,253,716,739,1
data/HELEN/103236168_2.jpg,414,186,725,560,1
data/HELEN/1033312112_1.jpg,500,401,1055,1132,0
data/HELEN/1033312288_1.jpg,753,568,1397,1364,0
data/HELEN/103887554_1.jpg,352,461,1518,2004,0
data/HELEN/10405146_1.jpg,179,331,974,1379,1
data/HELEN/10405299_1.jpg,471,425,1001,1098,1
data/HELEN/10405424_1.jpg,391,204,1007,1038,1
data/HELEN/10406776_1.jpg,552,93,1313,1016,1
data/HELEN/10407038_1.jpg,112,138,952,1278,1
data/HELEN/104074861_1.jpg,466,155,953,766,0
data/HELEN/1045887134_1.jpg,152,142,574,722,1
data/HELEN/1045890692_1.jpg,125,286,555,814,0
data/HELEN/1050957686_1.jpg,346,255,606,631,1
data/HELEN/1050957686_2.jpg,275,211,556,560,1
data/HELEN/1051618982_1.jpg,482,144,700,447,1
data/HELEN/1051618982_1.jpg,1118,278,1256,524,0
data/HELEN/105300174_1.jpg,821,251,1270,864,1
data/HELEN/105300174_1.jpg,261,166,728,859,1
data/HELEN/105455387_1.jpg,386,342,1171,1244,1
data/HELEN/105538305_1.jpg,278,135,726,734,1
data/HELEN/106242334_1.jpg,206,247,481,616,0
data/HELEN/106326063_1.jpg,656,413,1301,1273,0
data/HELEN/106393487_1.jpg,1258,230,2467,1847,0
data/HELEN/1063957157_1.jpg,277,0,708,516,0
data/HELEN/10697993_1.jpg,283,256,715,847,0
data/HELEN/1070861406_1.jpg,415,289,823,814,0
data/HELEN/107288942_1.jpg,294,276,949,1141,0
data/HELEN/107635070_1.jpg,52,47,386,479,0
data/HELEN/1079156334_1.jpg,358,236,894,965,1
data/HELEN/108349477_1.jpg,627,284,1201,1048,1
data/HELEN/109172267_1.jpg,422,344,794,818,1
data/HELEN/109209934_1.jpg,154,308,992,1442,1
data/HELEN/1092587063_1.jpg,333,227,631,618,1
data/HELEN/110592002_1.jpg,1298,449,2406,1908,0
data/HELEN/110886318_1.jpg,188,65,471,423,1
data/HELEN/110890106_1.jpg,362,285,718,707,0
data/HELEN/1110051647_1.jpg,441,293,833,856,0
data/HELEN/1110051647_2.jpg,370,238,706,702,1
data/HELEN/111076519_1.jpg,1123,688,1263,883,1
data/HELEN/1111575413_1.jpg,190,128,362,367,0
data/HELEN/111168419_1.jpg,102,0,359,298,1
data/HELEN/1112052992_1.jpg,407,132,808,672,0
data/HELEN/111247636_1.jpg,328,155,673,641,1
data/HELEN/111287440_1.jpg,221,107,432,372,0
data/HELEN/111510095_1.jpg,94,131,336,432,0
data/HELEN/111835766_1.jpg,101,143,308,407,1
data/HELEN/111835766_1.jpg,313,119,497,352,1
data/HELEN/111836119_1.jpg,505,223,623,398,1
data/HELEN/111836119_1.jpg,220,138,429,416,1
data/HELEN/111836119_1.jpg,0,69,203,332,1
data/HELEN/112117768_1.jpg,274,274,729,851,0
data/HELEN/1124465440_1.jpg,444,377,819,835,1
data/HELEN/1125456779_1.jpg,336,169,650,598,1
data/HELEN/112655203_1.jpg,767,287,1351,1110,0
data/HELEN/1128654081_1.jpg,376,93,706,534,1
data/HELEN/1130084326_1.jpg,1599,465,1815,738,0
data/HELEN/1130084326_1.jpg,473,433,690,724,1
data/HELEN/1130084326_1.jpg,952,156,1130,413,1
data/HELEN/11329920_1.jpg,637,270,1180,960,0
data/HELEN/11329920_1.jpg,0,217,343,1038,0
data/HELEN/1139324862_1.jpg,222,109,415,393,0
data/HELEN/1142136696_1.jpg,200,163,392,396,0
data/HELEN/114226877_1.jpg,557,281,1064,954,0
data/HELEN/1144216773_1.jpg,512,228,1017,935,1
data/HELEN/114487865_1.jpg,954,712,1838,1806,1
data/HELEN/114501272_1.jpg,1091,737,2374,2401,1
data/HELEN/114530171_1.jpg,293,207,591,618,1
data/HELEN/114530171_1.jpg,712,147,914,534,1
data/HELEN/1150779944_1.jpg,588,354,1129,1037,0
data/HELEN/11564757_1.jpg,7,0,289,369,0
data/HELEN/115774957_1.jpg,139,140,453,517,0
data/HELEN/1160859039_1.jpg,257,272,596,752,0
data/HELEN/1163855977_1.jpg,875,668,1637,1633,0
data/HELEN/1165647416_1.jpg,217,82,530,471,1
data/HELEN/1165647416_1.jpg,0,0,154,413,0
data/HELEN/1166270350_1.jpg,270,206,558,565,0
data/HELEN/1167462532_1.jpg,212,96,551,508,0
data/HELEN/117402372_1.jpg,285,173,647,629,0
data/HELEN/117518507_1.jpg,1035,270,2166,1759,1
data/HELEN/117634057_1.jpg,334,142,732,628,0
data/HELEN/117932364_1.jpg,336,154,852,890,1
data/HELEN/1181568002_1.jpg,1267,423,2312,1906,1
data/HELEN/118471529_1.jpg,234,0,534,382,0
data/HELEN/118554337_1.jpg,343,935,1554,2552,1
data/HELEN/118736691_1.jpg,551,82,1325,1154,0
data/HELEN/118736733_1.jpg,305,10,670,559,1
data/HELEN/118736828_1.jpg,488,342,877,877,1
data/HELEN/118737215_1.jpg,712,12,1373,921,0
data/HELEN/1195037433_1.jpg,200,54,537,473,1
data/HELEN/1198061571_1.jpg,914,480,1946,1896,1
data/HELEN/1199742157_1.jpg,463,195,852,745,0
data/HELEN/1204062305_1.jpg,429,197,641,464,1
data/HELEN/1207566864_1.jpg,274,0,683,526,1
data/HELEN/1207662328_2.jpg,72,509,324,822,0
data/HELEN/1207662328_2.jpg,334,204,645,635,1
data/HELEN/120801881_1.jpg,247,150,535,517,1
data/HELEN/1208068331_1.jpg,516,105,1681,1446,1
data/HELEN/1212934783_1.jpg,972,394,1931,1725,1
data/HELEN/121442928_1.jpg,239,207,582,662,1
data/HELEN/121720434_1.jpg,321,72,618,471,1
data/HELEN/1218567979_2.jpg,80,533,344,857,1
data/HELEN/1218567979_2.jpg,351,215,676,666,1
data/HELEN/1220825867_1.jpg,528,80,1007,746,0
data/HELEN/122276700_1.jpg,305,123,616,503,1
data/HELEN/1223190031_1.jpg,426,130,776,573,0
data/HELEN/1227072121_1.jpg,301,193,781,842,0
data/HELEN/122942927_1.jpg,275,78,563,452,1
data/HELEN/1233476865_1.jpg,584,498,1916,2218,0
data/HELEN/1234292822_1.jpg,795,725,1970,2108,1
data/HELEN/1238081332_1.jpg,332,140,655,562,1
data/HELEN/1238488784_1.jpg,0,0,455,677,0
data/HELEN/1238488784_1.jpg,545,413,1094,1176,0
data/HELEN/1240101737_1.jpg,974,571,1848,1734,1
data/HELEN/1240746154_1.jpg,76,35,312,361,1
data/HELEN/12425820_1.jpg,279,163,550,529,1
data/HELEN/12425820_1.jpg,21,288,263,603,1
data/HELEN/124399360_1.jpg,411,265,810,828,1
data/HELEN/124787194_1.jpg,364,228,761,738,1
data/HELEN/1252885598_1.jpg,254,561,1117,1673,1
data/HELEN/1259817140_1.jpg,756,442,1465,1497,1
data/HELEN/126229661_1.jpg,678,201,1339,1026,0
data/HELEN/1263447841_1.jpg,223,242,806,1039,0
data/HELEN/1265948983_1.jpg,249,168,590,631,0
data/HELEN/1265969136_1.jpg,225,59,559,489,0
data/HELEN/1266283652_1.jpg,478,296,903,909,0
data/HELEN/1266283652_1.jpg,0,353,197,858,1
data/HELEN/1266283652_2.jpg,398,230,775,762,1
data/HELEN/126968967_1.jpg,552,420,1405,1569,1
data/HELEN/1269816217_1.jpg,296,192,556,561,0
data/HELEN/1269874180_1.jpg,1361,120,2570,1688,1
data/HELEN/1269874180_1.jpg,338,361,1508,1914,1
data/HELEN/1270609209_1.jpg,292,141,597,557,1
data/HELEN/1270798682_2.jpg,299,188,585,572,0
data/HELEN/1271089376_1.jpg,423,295,839,842,1
data/HELEN/1271089376_1.jpg,849,264,1232,837,1
data/HELEN/127567332_1.jpg,124,121,494,596,1
data/HELEN/127627778_1.jpg,96,133,361,485,1
data/HELEN/1279298224_1.jpg,647,160,1433,1218,1
data/HELEN/12799337_1.jpg,466,157,1125,1016,1
data/HELEN/1281789661_1.jpg,559,263,1115,946,1
data/HELEN/128244378_1.jpg,785,452,1585,1455,1
data/HELEN/1290921548_1.jpg,513,358,1046,1057,1
data/HELEN/129408727_1.jpg,385,243,756,742,1
data/HELEN/129408727_1.jpg,703,193,1061,693,1
data/HELEN/1295311477_1.jpg,1532,276,1734,555,0
data/HELEN/1295311477_1.jpg,673,423,883,764,0
data/HELEN/1297446285_1.jpg,160,0,1142,1259,0
data/HELEN/1302175180_1.jpg,224,279,708,805,0
data/HELEN/130361594_1.jpg,472,314,905,905,0
data/HELEN/130625688_1.jpg,330,110,658,555,1
data/HELEN/1308054912_1.jpg,317,151,664,617,0
data/HELEN/1308649036_1.jpg,239,130,604,630,1
data/HELEN/130893906_1.jpg,381,0,948,548,0
data/HELEN/130927718_1.jpg,440,310,797,801,1
data/HELEN/1312213009_1.jpg,369,251,724,737,1
data/HELEN/1313109242_1.jpg,514,345,1001,1014,1
data/HELEN/131787989_1.jpg,492,173,836,593,1
data/HELEN/131787989_1.jpg,151,233,485,682,1
data/HELEN/131853693_1.jpg,530,399,997,989,0
data/HELEN/1327964792_1.jpg,1022,163,2306,1849,1
data/HELEN/1328530642_1.jpg,605,732,1504,1903,1
data/HELEN/133275383_1.jpg,668,301,1495,1363,0
data/HELEN/133275413_1.jpg,571,378,1042,1052,0
data/HELEN/133275413_1.jpg,0,195,366,812,0
data/HELEN/134212_1.jpg,164,154,363,397,0
data/HELEN/134212_1.jpg,712,118,921,393,0
data/HELEN/1342606231_1.jpg,847,372,2281,2172,1
data/HELEN/1344304961_1.jpg,429,195,820,716,1
data/HELEN/1344739819_1.jpg,352,209,674,666,1
data/HELEN/134979550_1.jpg,292,162,626,624,0
data/HELEN/135246139_1.jpg,656,353,1274,1194,0
data/HELEN/1353029373_1.jpg,352,234,665,664,1
data/HELEN/1353452443_1.jpg,613,764,1708,2246,0
data/HELEN/1356962652_1.jpg,306,176,584,531,1
data/HELEN/1357085028_1.jpg,726,364,1330,1197,1
data/HELEN/13601258_1.jpg,331,148,782,749,1
data/HELEN/13601448_1.jpg,309,165,759,777,1
data/HELEN/13601661_1.jpg,415,191,809,705,1
data/HELEN/13602254_1.jpg,300,246,777,859,1
data/HELEN/13653802_1.jpg,416,17,792,519,0
data/HELEN/1372188757_1.jpg,246,205,430,440,1
data/HELEN/137346980_1.jpg,429,39,862,615,0
data/HELEN/1375169218_1.jpg,272,23,547,365,1
data/HELEN/1377746898_1.jpg,242,177,663,709,1
data/HELEN/13789611_1.jpg,495,356,868,904,1
data/HELEN/1379651992_1.jpg,927,760,2054,2328,0
data/HELEN/1382054700_1.jpg,176,17,538,464,0
data/HELEN/1384775111_1.jpg,344,174,774,762,1
data/HELEN/1385689774_1.jpg,116,200,580,787,1
data/HELEN/1392458475_1.jpg,632,453,1235,1205,1
data/HELEN/1394430375_1.jpg,330,94,528,358,0
data/HELEN/1394430375_1.jpg,647,0,898,254,0
data/HELEN/1394430375_1.jpg,464,330,904,902,1
data/HELEN/13970241_1.jpg,26,291,355,664,0
data/HELEN/13970241_1.jpg,344,162,652,549,0
data/HELEN/1399115619_1.jpg,337,276,801,910,1
data/HELEN/1402640447_1.jpg,145,223,569,781,0
data/HELEN/1404106170_1.jpg,35,124,504,744,0
data/HELEN/1404860998_1.jpg,107,243,425,609,0
data/HELEN/1405372343_1.jpg,426,168,843,680,1
data/HELEN/140606432_1.jpg,124,106,442,496,0
data/HELEN/1408008592_1.jpg,128,157,1082,1406,0
data/HELEN/1408606093_1.jpg,220,328,712,964,1
data/HELEN/1409035501_1.jpg,192,472,891,1391,0
data/HELEN/1409035501_1.jpg,1118,74,1616,978,1
data/HELEN/1412970826_1.jpg,257,229,693,795,1
data/HELEN/1413333405_1.jpg,342,295,817,916,1
data/HELEN/1413333405_1.jpg,945,258,1295,732,1
data/HELEN/1414607508_1.jpg,772,489,1535,1501,0
data/HELEN/141794264_1.jpg,474,270,872,769,0
data/HELEN/1418178512_1.jpg,116,32,485,543,1
data/HELEN/1418180068_1.jpg,181,109,491,529,1
data/HELEN/1418181204_1.jpg,141,54,463,501,1
data/HELEN/1419222657_1.jpg,352,154,976,969,1
data/HELEN/1419583212_1.jpg,477,299,913,914,0
data/HELEN/1420413841_1.jpg,267,316,663,831,1
data/HELEN/1420413841_2.jpg,306,213,595,606,1
data/HELEN/1421150832_1.jpg,613,198,1422,1090,0
data/HELEN/1422581646_1.jpg,578,485,1239,1331,0
data/HELEN/1422700214_1.jpg,179,967,1745,2889,1
data/HELEN/1425317189_1.jpg,346,379,895,1107,1
data/HELEN/1425321029_1.jpg,265,254,715,865,0
data/HELEN/1425648903_1.jpg,883,175,1140,559,0
data/HELEN/1425648903_1.jpg,387,266,754,771,1
data/HELEN/1425648903_2.jpg,309,217,606,617,0
data/HELEN/1426539072_1.jpg,0,547,295,963,0
data/HELEN/1426539072_1.jpg,411,260,766,778,1
data/HELEN/1426553012_1.jpg,321,217,650,648,1
data/HELEN/142661608_1.jpg,361,164,711,601,0
data/HELEN/1429029478_1.jpg,488,438,1064,1161,1
data/HELEN/1429029478_1.jpg,1166,368,1646,1017,1
data/HELEN/1429860583_1.jpg,295,97,571,453,1
data/HELEN/1430618662_1.jpg,138,106,433,527,1
data/HELEN/143196796_1.jpg,547,244,1065,949,1
data/HELEN/143196796_1.jpg,93,507,577,1059,1
data/HELEN/1434217156_1.jpg,1053,523,2086,1875,0
data/HELEN/143588896_1.jpg,853,311,2082,1888,1
data/HELEN/1436253170_1.jpg,732,463,1400,1355,1
data/HELEN/1437632861_1.jpg,470,368,1058,1127,0
data/HELEN/1439641049_1.jpg,663,466,1212,1213,1
data/HELEN/14403172_1.jpg,536,389,963,969,0
data/HELEN/1440499238_1.jpg,650,463,1278,1322,1
data/HELEN/1440500396_1.jpg,394,338,743,781,1
data/HELEN/1440501186_1.jpg,337,238,612,607,1
data/HELEN/1440954129_1.jpg,158,184,552,701,1
data/HELEN/1440954875_1.jpg,169,89,609,666,1
data/HELEN/14424972_1.jpg,168,721,375,990,0
data/HELEN/14424972_1.jpg,930,698,1130,1012,0
data/HELEN/14424972_1.jpg,1378,677,1563,1031,0
data/HELEN/1443377029_1.jpg,541,361,1067,1064,0
data/HELEN/144402621_1.jpg,293,217,642,636,1
data/HELEN/1447083015_1.jpg,463,319,869,874,0
data/HELEN/1447762196_1.jpg,390,89,742,560,0
data/HELEN/144837725_1.jpg,252,212,527,527,1
data/HELEN/1455826575_1.jpg,391,99,773,629,1
data/HELEN/1458242965_1.jpg,414,247,782,783,1
data/HELEN/1458971524_1.jpg,397,267,750,756,0
data/HELEN/1459110420_1.jpg,389,235,761,752,1
data/HELEN/1461557880_1.jpg,564,307,1211,1158,1
data/HELEN/146623854_1.jpg,309,173,687,706,0
data/HELEN/1466887621_1.jpg,503,333,982,988,1
data/HELEN/1467878637_1.jpg,326,151,886,832,0
data/HELEN/146827737_1.jpg,149,220,419,574,0
data/HELEN/1468798538_1.jpg,765,581,1458,1447,0
data/HELEN/1468798538_1.jpg,8,246,731,1217,0
data/HELEN/146978430_1.jpg,531,284,758,667,0
data/HELEN/146978430_1.jpg,103,140,395,542,0
data/HELEN/1470006576_1.jpg,643,495,1190,1192,0
data/HELEN/147110327_1.jpg,1129,335,2284,1756,1
data/HELEN/1471928356_1.jpg,204,117,482,461,0
data/HELEN/147226455_1.jpg,537,364,1057,1051,1
data/HELEN/147226455_1.jpg,1262,388,1576,997,0
data/HELEN/1477005205_1.jpg,482,288,1102,1162,0
data/HELEN/148348993_1.jpg,677,178,1808,1691,0
data/HELEN/148351850_1.jpg,511,330,996,1003,1
data/HELEN/149162488_1.jpg,340,209,681,672,1
data/HELEN/149773224_1.jpg,2328,959,2509,1242,0
data/HELEN/149773224_1.jpg,575,266,1782,1754,1
data/HELEN/1499030378_1.jpg,288,89,649,547,1
data/HELEN/1504594019_1.jpg,517,432,1441,1654,1
data/HELEN/150557677_1.jpg,49,333,440,856,1
data/HELEN/150766294_1.jpg,504,294,1240,1260,1
data/HELEN/150766294_1.jpg,1818,682,2129,1474,1
data/HELEN/150766294_2.jpg,743,552,1406,1421,1
data/HELEN/1507775914_1.jpg,279,114,747,742,0
data/HELEN/1515641689_1.jpg,360,257,687,703,0
data/HELEN/1515641689_1.jpg,46,230,348,656,1
data/HELEN/1515681113_1.jpg,203,177,532,578,0
data/HELEN/1517093691_1.jpg,114,287,513,772,0
data/HELEN/151902153_1.jpg,1077,631,2074,1854,0
data/HELEN/151905797_1.jpg,907,556,2216,2275,0
data/HELEN/151906456_1.jpg,1066,438,2430,2253,1
data/HELEN/1522875567_1.jpg,174,196,483,622,1
data/HELEN/1525046335_1.jpg,1036,400,2106,1896,1
data/HELEN/1525918600_1.jpg,1685,388,3283,2515,0
data/HELEN/1527094652_1.jpg,339,201,653,638,1
data/HELEN/1529613122_1.jpg,305,278,685,777,0
data/HELEN/153057847_1.jpg,102,164,378,539,0
data/HELEN/1537303575_1.jpg,261,170,530,552,1
data/HELEN/1541108261_1.jpg,174,261,624,845,1
data/HELEN/1543376624_1.jpg,698,638,1599,1830,0
data/HELEN/15451707_1.jpg,215,267,558,721,1
data/HELEN/154598717_1.jpg,153,10,538,519,1
data/HELEN/154598718_1.jpg,104,0,420,344,1
data/HELEN/155093594_1.jpg,287,190,569,533,0
data/HELEN/155271502_1.jpg,907,505,1234,958,1
data/HELEN/155271502_1.jpg,293,91,803,746,1
data/HELEN/155271502_1.jpg,565,679,773,974,1
data/HELEN/1553164891_1.jpg,207,378,721,1071,1
data/HELEN/155338254_1.jpg,70,182,339,532,0
data/HELEN/1557684070_1.jpg,697,535,1289,1268,0
data/HELEN/1563845683_1.jpg,494,278,980,959,1
data/HELEN/1563845683_1.jpg,0,598,425,1146,1
data/HELEN/156474078_1.jpg,814,243,1012,510,0
data/HELEN/1571181976_1.jpg,840,645,1642,1649,1
data/HELEN/1571340973_1.jpg,386,0,824,521,1
data/HELEN/158249995_1.jpg,168,115,422,477,1
data/HELEN/1602308_1.jpg,550,191,764,459,1
data/HELEN/160529391_1.jpg,369,319,1119,1291,0
data/HELEN/160565613_2.jpg,828,408,1405,1097,1
data/HELEN/160565613_2.jpg,323,377,843,1129,1
data/HELEN/161795809_1.jpg,394,182,744,653,1
data/HELEN/1620560362_1.jpg,807,141,1932,1656,0
data/HELEN/1629243_1.jpg,162,211,414,549,0
data/HELEN/163480244_1.jpg,418,1052,1892,2883,1
data/HELEN/1634816_1.jpg,402,423,595,688,1
data/HELEN/1636651575_1.jpg,524,118,751,397,0
data/HELEN/16413031_1.jpg,215,107,382,311,1
data/HELEN/16422719_1.jpg,253,210,536,628,1
data/HELEN/16422719_1.jpg,599,72,715,260,0
data/HELEN/164260909_1.jpg,92,206,431,641,1
data/HELEN/164866565_1.jpg,395,283,796,804,1
data/HELEN/1648807314_1.jpg,641,367,849,652,1
data/HELEN/1648807314_1.jpg,1280,341,1488,625,0
data/HELEN/1648807314_1.jpg,1620,242,1719,365,0
data/HELEN/16542667_1.jpg,121,253,554,842,0
data/HELEN/16547388_1.jpg,84,359,550,978,1
data/HELEN/1657179414_1.jpg,74,209,374,604,0
data/HELEN/1657179414_1.jpg,517,174,688,539,0
data/HELEN/1657180938_1.jpg,44,82,431,595,1
data/HELEN/1657180938_2.jpg,430,314,882,858,1
data/HELEN/166033328_1.jpg,288,153,580,526,1
data/HELEN/166874039_1.jpg,312,501,1159,1683,1
data/HELEN/166874696_1.jpg,547,406,1071,1091,0
data/HELEN/167604947_1.jpg,132,233,453,659,0
data/HELEN/167629013_1.jpg,305,78,662,492,0
data/HELEN/1689766277_1.jpg,317,306,794,965,0
data/HELEN/1691280456_1.jpg,459,373,909,926,0
data/HELEN/1691766_1.jpg,109,193,348,500,0
data/HELEN/169346774_1.jpg,74,97,486,674,0
data/HELEN/169346774_2.jpg,551,442,956,992,0
data/HELEN/1698375922_1.jpg,844,737,1805,1871,0
data/HELEN/1700687106_1.jpg,344,256,737,726,0
data/HELEN/170508172_1.jpg,149,550,1340,2192,1
data/HELEN/170803072_1.jpg,491,327,877,881,1
data/HELEN/1710672384_1.jpg,311,158,757,742,1
data/HELEN/171198578_1.jpg,431,0,818,477,1
data/HELEN/171198578_1.jpg,0,174,323,639,1
data/HELEN/171198578_2.jpg,156,176,528,638,1
data/HELEN/171907511_1.jpg,475,124,821,589,1
data/HELEN/171907511_1.jpg,183,185,510,634,1
data/HELEN/17192052_1.jpg,416,195,901,820,1
data/HELEN/172183000_1.jpg,581,680,1395,1752,1
data/HELEN/172375929_1.jpg,320,156,657,555,0
data/HELEN/172972325_1.jpg,509,313,991,965,1
data/HELEN/173153701_2.jpg,173,215,466,642,0
data/HELEN/173153769_1.jpg,272,198,587,587,0
data/HELEN/173153923_2.jpg,227,172,406,420,0
data/HELEN/17349955_1.jpg,410,304,699,687,0
data/HELEN/17349955_1.jpg,813,462,1098,908,0
data/HELEN/173744986_1.jpg,113,162,467,626,1
data/HELEN/173744986_1.jpg,544,293,821,722,1
data/HELEN/173808384_1.jpg,313,207,632,658,1
data/HELEN/173808384_2.jpg,304,238,571,587,1
data/HELEN/17464842_1.jpg,1065,151,1936,1322,1
data/HELEN/174692320_1.jpg,1223,58,1534,526,0
data/HELEN/174692320_1.jpg,1626,495,2087,1149,0
data/HELEN/174692320_1.jpg,403,32,579,296,0
data/HELEN/1752922795_1.jpg,389,148,959,946,1
data/HELEN/1753022691_1.jpg,311,220,726,790,1
data/HELEN/1753768714_1.jpg,213,332,794,1106,1
data/HELEN/1753941007_1.jpg,650,0,826,194,0
data/HELEN/1753941007_1.jpg,8,115,76,205,0
data/HELEN/1753941007_1.jpg,284,172,621,639,0
data/HELEN/1753941007_1.jpg,823,72,956,228,0
data/HELEN/1757432712_1.jpg,296,229,588,640,1
data/HELEN/175991309_2.jpg,780,110,923,288,0
data/HELEN/175991309_2.jpg,392,275,671,697,0
data/HELEN/175991309_2.jpg,0,0,330,474,1
data/HELEN/178046512_1.jpg,430,708,1830,2473,1
data/HELEN/178428696_1.jpg,338,214,663,678,0
data/HELEN/1784763527_1.jpg,493,278,973,875,0
data/HELEN/1793202210_1.jpg,201,74,443,397,1
data/HELEN/179820698_1.jpg,396,406,1676,2026,0
data/HELEN/1799534916_1.jpg,86,310,572,997,0
data/HELEN/1800576628_1.jpg,302,389,739,1011,0
data/HELEN/1801024299_1.jpg,461,243,886,868,0
data/HELEN/1801024299_1.jpg,1013,561,1352,1136,0
data/HELEN/1801024299_3.jpg,373,266,784,791,1
data/HELEN/180986261_1.jpg,260,119,724,653,0
data/HELEN/1809894544_2.jpg,367,233,736,750,0
data/HELEN/1812732159_1.jpg,62,208,444,705,0
data/HELEN/1814664578_1.jpg,825,371,945,522,0
data/HELEN/1814664578_1.jpg,230,329,345,472,0
data/HELEN/181707205_1.jpg,1371,595,2801,2459,1
data/HELEN/182573594_1.jpg,281,249,600,634,0
data/HELEN/182804431_1.jpg,355,0,700,452,1
data/HELEN/1843394852_1.jpg,285,162,554,521,1
data/HELEN/1844911065_1.jpg,304,189,590,586,1
data/HELEN/1844926255_1.jpg,341,219,668,660,0
data/HELEN/1844930191_1.jpg,339,213,667,652,0
data/HELEN/1845765682_1.jpg,408,310,744,780,1
data/HELEN/18489332_10.jpg,124,670,214,801,0
data/HELEN/18489332_10.jpg,128,362,222,494,0
data/HELEN/18489332_10.jpg,751,677,852,810,0
data/HELEN/18489332_10.jpg,335,360,430,497,0
data/HELEN/18489332_10.jpg,539,682,630,804,0
data/HELEN/18489332_10.jpg,781,46,865,161,0
data/HELEN/18489332_10.jpg,530,356,638,502,0
data/HELEN/18489332_10.jpg,119,49,218,186,0
data/HELEN/18489332_10.jpg,766,388,876,520,0
data/HELEN/18489332_10.jpg,348,660,448,794,0
data/HELEN/18489332_10.jpg,533,53,644,195,0
data/HELEN/18489332_10.jpg,352,52,436,185,0
data/HELEN/185377791_1.jpg,205,342,650,893,1
data/HELEN/185577937_1.jpg,579,371,1145,1083,0
data/HELEN/1860419055_1.jpg,717,317,1919,1875,1
data/HELEN/1861774022_1.jpg,393,219,849,826,1
data/HELEN/1861796452_1.jpg,357,297,899,1020,1
data/HELEN/186403955_1.jpg,646,409,1333,1307,0
data/HELEN/186403955_1.jpg,146,656,936,1815,0
data/HELEN/1868687324_1.jpg,388,197,786,759,1
data/HELEN/1878818683_1.jpg,356,235,694,691,1
data/HELEN/188293705_1.jpg,512,337,928,945,1
data/HELEN/1887411993_1.jpg,133,347,544,896,0
data/HELEN/1895136013_1.jpg,603,604,1449,1706,1
data/HELEN/190546275_1.jpg,359,57,675,480,0
data/HELEN/190620212_1.jpg,281,212,588,567,0
data/HELEN/1908146310_1.jpg,109,37,417,456,1
data/HELEN/1909003307_1.jpg,435,220,834,781,0
data/HELEN/191895648_1.jpg,161,43,527,513,0
data/HELEN/193929298_1.jpg,480,810,1612,2237,0
data/HELEN/194136419_1.jpg,23,343,420,859,0
data/HELEN/194574878_1.jpg,767,753,1739,2063,1
data/HELEN/194833666_1.jpg,286,245,589,582,1
data/HELEN/1954949800_1.jpg,566,363,1078,1071,0
data/HELEN/196066281_1.jpg,300,326,683,834,0
data/HELEN/1961032923_1.jpg,2922,708,3935,2214,0
data/HELEN/1961032923_1.jpg,458,169,2028,2315,0
data/HELEN/19618587_1.jpg,210,192,485,587,1
data/HELEN/19618587_1.jpg,649,279,795,638,1
data/HELEN/1962410129_1.jpg,488,2032,2278,4295,0
data/HELEN/1962577879_1.jpg,336,238,613,626,1
data/HELEN/1982207444_1.jpg,388,259,783,792,1
data/HELEN/1987283210_1.jpg,128,275,467,732,0
data/HELEN/199718034_1.jpg,132,225,489,708,1
data/HELEN/199759840_1.jpg,368,93,534,320,1
data/HELEN/200506188_1.jpg,200,243,551,689,0
data/HELEN/2005566839_1.jpg,751,892,1042,1120,0
data/HELEN/2005566839_1.jpg,381,261,739,744,0
data/HELEN/2005566839_2.jpg,387,258,763,761,1
data/HELEN/2005566839_3.jpg,274,192,554,558,0
data/HELEN/200748267_1.jpg,84,323,317,606,1
data/HELEN/2010631499_1.jpg,354,118,716,597,1
data/HELEN/201678202_1.jpg,199,176,606,645,0
data/HELEN/201752783_1.jpg,178,140,535,624,1
data/HELEN/201752783_1.jpg,0,177,181,504,0
data/HELEN/2024017324_1.jpg,905,394,1676,1479,0
data/HELEN/20301003_1.jpg,806,0,1694,941,0
data/HELEN/2030653815_1.jpg,741,449,920,687,1
data/HELEN/20315024_1.jpg,472,311,936,955,1
data/HELEN/20315024_2.jpg,425,293,837,853,1
data/HELEN/203328057_1.jpg,130,111,853,1051,0
data/HELEN/2038888040_1.jpg,244,755,1072,1821,0
data/HELEN/2041377546_1.jpg,146,156,613,771,0
data/HELEN/2042747277_1.jpg,239,153,565,567,1
data/HELEN/2043831280_1.jpg,440,285,643,526,0
data/HELEN/2043831280_1.jpg,1717,826,1871,1029,0
data/HELEN/2044659361_1.jpg,97,4,645,724,0
data/HELEN/2044777702_1.jpg,446,314,919,930,0
data/HELEN/2044777702_2.jpg,381,285,682,696,1
data/HELEN/2045370744_1.jpg,666,457,1344,1369,0
data/HELEN/2045370744_1.jpg,0,116,487,1161,0
data/HELEN/2045370744_3.jpg,171,603,745,1351,1
data/HELEN/2045370744_3.jpg,826,450,1611,1535,0
data/HELEN/2047351146_1.jpg,309,133,609,520,0
data/HELEN/2048930268_1.jpg,961,612,2131,2219,0
data/HELEN/2054916149_1.jpg,739,258,1534,1338,1
data/HELEN/2054916149_1.jpg,22,393,817,1468,0
data/HELEN/2056280349_1.jpg,317,217,665,666,1
data/HELEN/2056886445_1.jpg,472,47,909,608,0
data/HELEN/2057113858_1.jpg,342,133,725,618,0
data/HELEN/2057777633_1.jpg,289,554,1121,1628,1
data/HELEN/2057899604_1.jpg,205,111,389,397,1
data/HELEN/2058725932_1.jpg,1188,170,2484,1817,0
data/HELEN/2060241469_1.jpg,262,477,460,732,1
data/HELEN/2061605575_1.jpg,376,216,764,778,1
data/HELEN/2061993362_1.jpg,1097,796,2432,2552,1
data/HELEN/2062420464_1.jpg,493,76,885,578,0
data/HELEN/206283602_2.jpg,506,407,909,917,1
data/HELEN/206283602_2.jpg,1111,458,1348,796,0
data/HELEN/206413799_1.jpg,433,226,713,641,1
data/HELEN/206448817_1.jpg,358,119,726,554,0
data/HELEN/2064537523_1.jpg,716,228,1688,1580,0
data/HELEN/2066231667_1.jpg,69,179,329,515,1
data/HELEN/2066420581_1.jpg,399,273,770,785,0
data/HELEN/2067453390_1.jpg,108,180,399,562,1
data/HELEN/206905865_1.jpg,394,8,958,798,0
data/HELEN/206907073_1.jpg,576,160,1252,1077,0
data/HELEN/206907279_1.jpg,332,134,928,947,0
data/HELEN/2070105355_1.jpg,6,78,395,585,1
data/HELEN/2070105355_1.jpg,466,313,898,908,0
data/HELEN/2070105355_2.jpg,0,521,372,1084,0
data/HELEN/2070105355_2.jpg,410,281,811,812,1
data/HELEN/2070105355_3.jpg,424,257,809,785,0
data/HELEN/2070105355_5.jpg,411,255,790,786,0
data/HELEN/2070484849_1.jpg,275,51,591,483,1
data/HELEN/2070634156_1.jpg,327,131,672,596,1
data/HELEN/2071191303_1.jpg,110,206,509,772,1
data/HELEN/2071191303_1.jpg,624,185,990,732,1
data/HELEN/2073353251_1.jpg,280,110,555,459,1
data/HELEN/2075932440_1.jpg,67,68,518,659,1
data/HELEN/2076194857_1.jpg,376,216,741,676,0
data/HELEN/2076592686_1.jpg,1404,121,2757,1932,1
data/HELEN/2076592686_1.jpg,0,195,723,1720,1
data/HELEN/2076592686_1.jpg,523,1349,1440,2390,1
data/HELEN/2078249976_1.jpg,284,79,729,664,0
data/HELEN/2078419146_1.jpg,384,106,812,599,0
data/HELEN/2081258704_1.jpg,385,287,800,777,0
data/HELEN/2081777014_1.jpg,664,240,1374,1113,0
data/HELEN/2081778308_1.jpg,300,368,979,1282,0
data/HELEN/2082267415_2.jpg,583,372,1111,1082,0
data/HELEN/2082267415_2.jpg,0,629,349,1554,0
data/HELEN/2082655557_2.jpg,285,159,545,501,1
data/HELEN/2082655557_2.jpg,624,216,812,559,1
data/HELEN/2083040467_1.jpg,204,139,573,636,1
data/HELEN/2083053412_1.jpg,834,223,1549,1176,0
data/HELEN/2083979194_1.jpg,825,622,1607,1543,1
data/HELEN/2085165542_1.jpg,162,107,454,507,0
data/HELEN/2086429604_1.jpg,438,218,940,857,1
data/HELEN/2086996835_1.jpg,1036,540,1183,720,1
data/HELEN/2086996835_1.jpg,338,645,480,826,1
data/HELEN/2086996835_1.jpg,869,599,1003,776,1
data/HELEN/2086996835_1.jpg,676,561,803,726,1
data/HELEN/2086996835_1.jpg,1387,518,1536,693,0
data/HELEN/2086996835_1.jpg,492,659,614,824,0
data/HELEN/208796082_1.jpg,1141,372,1551,970,0
data/HELEN/208796082_1.jpg,471,327,1004,1093,0
data/HELEN/2088010176_2.jpg,336,196,673,645,1
data/HELEN/2088010176_3.jpg,398,167,671,581,0
data/HELEN/2088941067_1.jpg,356,186,671,580,1
data/HELEN/2091167603_1.jpg,137,203,410,571,1
data/HELEN/2091300387_1.jpg,297,137,597,499,1
data/HELEN/2091477588_1.jpg,824,825,1335,1389,0
data/HELEN/2091477588_1.jpg,386,305,871,924,0
data/HELEN/2091477588_1.jpg,1118,214,1335,740,0
data/HELEN/2091682510_1.jpg,200,337,663,981,0
data/HELEN/2091918525_1.jpg,137,150,399,495,1
data/HELEN/2091990193_1.jpg,561,168,1081,892,1
data/HELEN/2092281650_1.jpg,137,246,504,754,1
data/HELEN/2093465867_1.jpg,331,210,643,632,0
data/HELEN/2093746851_1.jpg,566,388,1135,1198,0
data/HELEN/2093747255_1.jpg,448,282,876,861,0
data/HELEN/2094505527_1.jpg,409,0,831,517,0
data/HELEN/2096196849_1.jpg,669,456,1709,1806,0
data/HELEN/2096500784_1.jpg,888,436,1706,1451,0
data/HELEN/2097991401_1.jpg,460,342,906,932,1
data/HELEN/2097991401_2.jpg,255,323,671,887,1
data/HELEN/2097991401_3.jpg,270,303,664,833,1
data/HELEN/209833308_1.jpg,1189,36,1414,391,0
data/HELEN/209833308_1.jpg,356,236,872,975,1
data/HELEN/2098713580_1.jpg,80,238,541,746,1
data/HELEN/2098713580_1.jpg,556,398,1061,1071,1
data/HELEN/2099071245_1.jpg,195,369,1618,2225,1
data/HELEN/2099073485_1.jpg,1025,116,2511,1977,0
data/HELEN/2099144186_1.jpg,220,134,484,486,0
data/HELEN/2099639490_1.jpg,458,318,691,638,0
data/HELEN/2099639490_1.jpg,802,117,978,366,0
data/HELEN/2100602343_1.jpg,825,372,1579,1372,1
data/HELEN/2100608030_1.jpg,569,306,1362,1339,1
data/HELEN/2100608030_1.jpg,1705,445,2148,1199,1
data/HELEN/2101754919_1.jpg,832,383,1718,1543,1
data/HELEN/2102099439_1.jpg,427,234,809,790,1
data/HELEN/2102458056_1.jpg,223,197,574,672,1
data/HELEN/2103921848_1.jpg,360,233,708,710,1
data/HELEN/210422851_1.jpg,513,354,985,1011,0
data/HELEN/210422851_1.jpg,50,416,551,995,0
data/HELEN/2104338762_1.jpg,266,244,829,1027,1
data/HELEN/2104726907_1.jpg,80,187,560,766,1
data/HELEN/2106008703_1.jpg,585,197,1225,1039,0
data/HELEN/2106011059_1.jpg,671,241,1280,1051,0
data/HELEN/2106789492_1.jpg,536,7,1009,662,0
data/HELEN/2108298351_1.jpg,330,229,605,616,0
data/HELEN/2108298351_1.jpg,0,75,342,609,0
data/HELEN/2108725174_1.jpg,158,251,873,1173,0
data/HELEN/2109755281_3.jpg,971,450,1816,1652,1
data/HELEN/2109755281_4.jpg,1008,475,1868,1702,1
data/HELEN/211373432_1.jpg,302,206,643,666,0
data/HELEN/2113885560_1.jpg,433,319,815,795,0
data/HELEN/2115806866_1.jpg,130,213,513,735,1
data/HELEN/2115806866_1.jpg,539,183,792,522,0
data/HELEN/2115806866_2.jpg,471,376,781,778,1
data/HELEN/21161074_1.jpg,545,182,1126,949,1
data/HELEN/2116626844_2.jpg,465,272,848,819,0
data/HELEN/2117134810_1.jpg,523,314,1021,985,1
data/HELEN/2117789390_1.jpg,312,211,607,607,1
data/HELEN/2118601275_1.jpg,374,257,831,863,1
data/HELEN/2118625994_1.jpg,938,898,1112,1112,1
data/HELEN/2118655483_1.jpg,921,582,1762,1670,0
data/HELEN/2119231041_1.jpg,71,217,287,505,1
data/HELEN/2120936774_1.jpg,350,210,601,542,0
data/HELEN/2120936774_1.jpg,824,282,1034,570,0
data/HELEN/2122067003_1.jpg,551,156,735,391,1
data/HELEN/212409770_1.jpg,529,264,1101,983,1
data/HELEN/2124608043_1.jpg,161,167,592,745,1
data/HELEN/2124611787_1.jpg,254,282,616,753,0
data/HELEN/2124708927_1.jpg,142,71,551,587,0
data/HELEN/212515669_1.jpg,197,4,567,510,0
data/HELEN/212515669_1.jpg,513,97,832,520,0
data/HELEN/212515672_1.jpg,391,0,972,776,1
data/HELEN/2125387076_1.jpg,224,165,596,653,1
data/HELEN/2125467698_1.jpg,504,88,819,509,1
data/HELEN/2125467698_1.jpg,161,156,487,586,0
data/HELEN/2127986751_1.jpg,196,141,596,647,0
data/HELEN/212960843_1.jpg,331,253,641,635,0
data/HELEN/2129982991_1.jpg,765,338,1948,1885,1
data/HELEN/213033315_1.jpg,399,283,793,734,0
data/HELEN/213033657_1.jpg,372,218,737,708,1
data/HELEN/213034581_1.jpg,305,196,666,672,0
data/HELEN/213034733_1.jpg,416,279,829,855,1
data/HELEN/2130531101_1.jpg,701,175,1254,955,1
data/HELEN/2134232899_1.jpg,0,234,319,668,0
data/HELEN/2134232899_1.jpg,385,309,718,745,1
data/HELEN/2134243149_1.jpg,0,414,303,817,1
data/HELEN/2134243149_1.jpg,366,269,714,730,1
data/HELEN/2134243149_2.jpg,298,191,604,598,1
data/HELEN/213440091_1.jpg,322,133,609,501,0
data/HELEN/213442073_1.jpg,423,28,851,566,1
data/HELEN/2135034002_1.jpg,406,279,721,733,1
data/HELEN/2135432270_1.jpg,631,406,1228,1133,0
data/HELEN/2136232809_1.jpg,294,26,685,527,0
data/HELEN/213643624_2.jpg,188,81,764,844,1
data/HELEN/213654866_1.jpg,1429,563,1553,727,0
data/HELEN/213654866_1.jpg,2187,665,2342,882,0
data/HELEN/213654866_1.jpg,269,322,451,578,0
data/HELEN/213654866_1.jpg,619,492,772,706,0
data/HELEN/213729601_1.jpg,447,414,900,898,0
data/HELEN/2137551460_1.jpg,435,252,863,846,1
data/HELEN/2138195672_1.jpg,333,105,688,588,1
data/HELEN/2138681738_1.jpg,244,281,1520,2045,0
data/HELEN/2138851191_1.jpg,776,311,2520,2398,0
data/HELEN/2139626906_1.jpg,1178,868,2257,2275,1
data/HELEN/2139633946_1.jpg,692,510,1408,1411,0
data/HELEN/2139663057_1.jpg,576,351,1126,1091,1
data/HELEN/2139663057_2.jpg,565,254,1066,930,1
data/HELEN/2139669544_1.jpg,1053,0,2720,2172,0
data/HELEN/2139691983_1.jpg,319,254,605,586,1
data/HELEN/2139691983_1.jpg,593,64,889,439,0
data/HELEN/2139755289_1.jpg,504,694,1361,1838,0
data/HELEN/2139767101_1.jpg,320,229,581,593,1
data/HELEN/2139767101_2.jpg,276,186,532,542,1
data/HELEN/2139831977_2.jpg,395,201,787,705,0
data/HELEN/2140513376_1.jpg,766,410,1475,1381,1
data/HELEN/2140556694_1.jpg,255,170,502,515,1
data/HELEN/2140556694_2.jpg,257,169,498,503,1
data/HELEN/2140620254_1.jpg,422,263,825,781,0
data/HELEN/2140620254_1.jpg,685,513,1077,1024,0
data/HELEN/214426541_2.jpg,360,444,952,1230,1
data/HELEN/214426541_2.jpg,917,214,1564,1096,1
data/HELEN/2147052512_1.jpg,918,266,1084,485,0
data/HELEN/2147052512_1.jpg,370,266,700,698,1
data/HELEN/214778625_1.jpg,432,81,885,688,0
data/HELEN/2150051470_1.jpg,620,274,1438,1250,1
data/HELEN/2150051470_1.jpg,1511,295,2225,1278,0
data/HELEN/2150051470_2.jpg,762,291,1528,1280,0
data/HELEN/2150058510_1.jpg,537,574,1266,1468,1
data/HELEN/215033154_1.jpg,543,0,1161,668,1
data/HELEN/2152239275_1.jpg,171,423,975,1458,1
data/HELEN/2152239275_1.jpg,1166,308,1810,1386,1
data/HELEN/2156807524_1.jpg,397,273,768,784,0
data/HELEN/21582960_1.jpg,708,339,1651,1529,0
data/HELEN/2158901099_1.jpg,136,154,450,569,1
data/HELEN/216195276_1.jpg,361,236,699,671,1
data/HELEN/2163071133_1.jpg,804,601,1572,1662,1
data/HELEN/2163747900_1.jpg,190,187,567,703,0
data/HELEN/2163829312_1.jpg,756,423,1452,1370,1
data/HELEN/2164052578_1.jpg,391,175,1439,1587,0
data/HELEN/2164761297_1.jpg,0,162,216,442,0
data/HELEN/2164761297_1.jpg,297,141,563,501,1
data/HELEN/2164847927_1.jpg,176,177,549,686,1
data/HELEN/2165347834_1.jpg,246,201,671,759,1
data/HELEN/2165528796_1.jpg,370,62,732,543,1
data/HELEN/2165528796_1.jpg,0,150,222,581,1
data/HELEN/2165528796_2.jpg,191,147,517,583,1
data/HELEN/2165593916_1.jpg,249,204,747,858,1
data/HELEN/2167059698_1.jpg,465,352,836,860,0
data/HELEN/2167135339_1.jpg,122,864,645,1533,1
data/HELEN/2167135339_1.jpg,700,429,1377,1329,1
data/HELEN/2167135339_2.jpg,498,354,1036,1045,1
data/HELEN/2167180876_1.jpg,465,322,897,889,0
data/HELEN/2167874246_1.jpg,801,658,1807,1776,1
data/HELEN/2168442441_1.jpg,338,243,929,1008,1
data/HELEN/2168442533_1.jpg,307,217,586,587,1
data/HELEN/2168477255_1.jpg,369,166,788,692,1
data/HELEN/2169267682_1.jpg,155,151,481,593,1
data/HELEN/2169268854_1.jpg,307,209,643,646,1
data/HELEN/2169601621_1.jpg,403,325,862,878,1
data/HELEN/2170250827_1.jpg,419,130,806,665,1
data/HELEN/2170402460_1.jpg,400,672,1263,1705,0
data/HELEN/21705205_1.jpg,691,506,1540,1612,1
data/HELEN/21710996_1.jpg,1022,467,1939,1659,1
data/HELEN/2172479811_1.jpg,788,566,1579,1572,1
data/HELEN/2175042512_1.jpg,453,63,856,609,1
data/HELEN/2175629058_1.jpg,0,739,320,1384,0
data/HELEN/2175629058_1.jpg,542,326,1067,1046,1
data/HELEN/2177168298_1.jpg,228,216,621,702,0
data/HELEN/2177175118_1.jpg,818,584,1591,1625,1
data/HELEN/2180195389_1.jpg,331,215,649,638,1
data/HELEN/2181559194_1.jpg,416,1100,1684,2694,0
data/HELEN/2182024730_1.jpg,157,182,564,742,1
data/HELEN/2182951022_1.jpg,66,130,317,475,0
data/HELEN/2184781988_1.jpg,374,181,737,601,0
data/HELEN/2185205964_1.jpg,692,218,1341,1077,0
data/HELEN/2185205964_2.jpg,692,212,1341,1073,0
data/HELEN/2186255795_1.jpg,537,294,640,443,0
data/HELEN/2186255795_1.jpg,713,321,791,413,0
data/HELEN/218904413_1.jpg,200,505,919,1504,0
data/HELEN/218904413_1.jpg,1288,136,1867,943,1
data/HELEN/218904494_1.jpg,499,222,899,781,1
data/HELEN/2189567066_1.jpg,533,393,1354,1501,0
data/HELEN/2190740171_1.jpg,333,250,758,797,0
data/HELEN/2190903226_1.jpg,1230,480,2274,1826,1
data/HELEN/2193408004_1.jpg,102,153,365,508,0
data/HELEN/2194332767_1.jpg,150,345,641,989,0
data/HELEN/2195120494_1.jpg,232,390,659,938,0
data/HELEN/2195120626_1.jpg,300,208,624,595,1
data/HELEN/2195220502_1.jpg,489,347,975,1030,0
data/HELEN/2195358708_1.jpg,313,433,916,1226,1
data/HELEN/2196749951_1.jpg,965,420,1767,1589,0
data/HELEN/219709038_1.jpg,310,144,628,560,1
data/HELEN/2198286445_1.jpg,704,141,1282,940,0
data/HELEN/2200344234_1.jpg,543,578,1353,1507,1
data/HELEN/2200730806_1.jpg,576,569,1780,2133,1
data/HELEN/2200760295_1.jpg,259,246,694,764,1
data/HELEN/2201151487_1.jpg,185,334,658,932,0
data/HELEN/2201628776_1.jpg,590,353,762,608,0
data/HELEN/2201910996_1.jpg,131,247,558,759,1
data/HELEN/2201942026_1.jpg,249,309,617,750,0
data/HELEN/2201943712_1.jpg,292,215,580,568,1
data/HELEN/2201943712_2.jpg,155,239,473,607,1
data/HELEN/2202089258_1.jpg,369,123,569,393,1
data/HELEN/2202741165_3.jpg,294,169,570,570,0
data/HELEN/2203538277_1.jpg,35,230,335,565,1
data/HELEN/2203693721_2.jpg,800,537,1579,1563,0
data/HELEN/2203694817_1.jpg,582,618,1352,1608,0
data/HELEN/2203694817_1.jpg,1382,660,2095,1648,0
data/HELEN/2203695965_1.jpg,605,406,1338,1378,0
data/HELEN/2203695965_1.jpg,1274,802,1935,1541,0
data/HELEN/2203696399_2.jpg,421,579,1147,1468,1
data/HELEN/2204494382_1.jpg,984,499,1602,1375,1
data/HELEN/2204494382_1.jpg,448,401,1019,1197,1
data/HELEN/2204494382_2.jpg,665,404,1272,1259,0
data/HELEN/2204494382_2.jpg,123,279,688,1087,0
data/HELEN/2205474871_1.jpg,340,143,653,583,1
data/HELEN/2205474871_2.jpg,323,215,632,628,0
data/HELEN/2205474871_3.jpg,310,221,623,616,0
data/HELEN/2208472833_1.jpg,50,267,862,1320,0
data/HELEN/2208472833_2.jpg,688,473,1351,1356,0
data/HELEN/2209809995_1.jpg,306,226,595,594,0
data/HELEN/2210601282_1.jpg,306,265,600,607,0
data/HELEN/221068652_2.jpg,648,496,1224,1213,1
data/HELEN/221068652_3.jpg,491,374,969,970,1
data/HELEN/2210716757_1.jpg,313,205,599,602,1
data/HELEN/2211065399_1.jpg,389,118,699,575,0
data/HELEN/2211065399_2.jpg,102,192,411,647,0
data/HELEN/2211542693_1.jpg,280,184,543,536,1
data/HELEN/221174143_1.jpg,416,19,812,563,0
data/HELEN/221238636_1.jpg,351,118,724,611,1
data/HELEN/221272641_1.jpg,564,282,1102,986,0
data/HELEN/221278406_1.jpg,752,179,1642,1424,1
data/HELEN/2214699699_1.jpg,188,265,537,679,0
data/HELEN/2214772465_1.jpg,172,273,497,676,0
data/HELEN/2215829570_1.jpg,560,381,1159,1127,0
data/HELEN/2216045499_1.jpg,1132,665,2127,1821,1
data/HELEN/221629697_1.jpg,1038,119,2005,1551,1
data/HELEN/2216480518_1.jpg,323,201,637,632,0
data/HELEN/2218537300_1.jpg,166,241,579,754,0
data/HELEN/2219165887_1.jpg,1440,661,2672,1947,1
data/HELEN/2219165887_1.jpg,218,384,1435,2069,1
data/HELEN/2220556464_1.jpg,813,580,1654,1582,0
data/HELEN/2220556464_2.jpg,352,592,1373,2015,1
data/HELEN/2221495758_1.jpg,268,177,646,683,1
data/HELEN/2222444403_1.jpg,433,104,805,571,1
data/HELEN/222388800_1.jpg,600,7,1425,1013,1
data/HELEN/2224610174_1.jpg,440,313,810,840,1
data/HELEN/2225440586_1.jpg,1117,782,1883,1953,0
data/HELEN/2227646745_2.jpg,24,0,386,410,0
data/HELEN/2227646745_2.jpg,348,303,670,680,0
data/HELEN/2228100915_1.jpg,343,232,669,677,1
data/HELEN/2228100915_2.jpg,327,237,636,641,1
data/HELEN/2228100915_3.jpg,282,185,561,572,1
data/HELEN/2229166768_1.jpg,259,168,606,616,1
data/HELEN/2229763779_2.jpg,266,186,541,533,0
data/HELEN/2229774739_1.jpg,372,285,756,778,1
data/HELEN/2229778733_1.jpg,165,460,1053,1582,1
data/HELEN/2229778733_1.jpg,571,0,958,405,1
data/HELEN/2229778733_1.jpg,1311,1102,1907,2097,1
data/HELEN/2229778733_1.jpg,1022,0,1348,396,0
data/HELEN/2229778733_2.jpg,727,527,1471,1521,1
data/HELEN/2229969688_1.jpg,274,191,523,517,1
data/HELEN/2230569196_3.jpg,671,0,974,304,1
data/HELEN/2230569196_3.jpg,213,369,722,1031,1
data/HELEN/2231468853_1.jpg,518,425,1025,1019,0
data/HELEN/2231989317_1.jpg,324,237,637,694,0
data/HELEN/2232426029_1.jpg,474,317,926,907,0
data/HELEN/2233231554_1.jpg,507,664,1398,1850,0
data/HELEN/2233250688_1.jpg,909,593,1716,1633,0
data/HELEN/2233368704_1.jpg,188,286,555,735,1
data/HELEN/2233368704_2.jpg,723,737,998,1028,0
data/HELEN/2233368704_2.jpg,357,229,687,685,1
data/HELEN/2233672250_1.jpg,574,155,788,439,0
data/HELEN/2233672250_1.jpg,300,314,498,587,1
data/HELEN/2233737284_1.jpg,0,430,565,1342,0
data/HELEN/2233737284_1.jpg,806,0,1610,968,0
data/HELEN/2234753986_1.jpg,836,408,1614,1464,1
data/HELEN/2236814888_1.jpg,684,0,1055,462,1
data/HELEN/2236814888_1.jpg,370,237,731,727,1
data/HELEN/2239259_1.jpg,291,129,647,608,1
data/HELEN/2239710476_1.jpg,2469,646,2825,1142,0
data/HELEN/2239710476_1.jpg,1085,472,1283,756,0
data/HELEN/2239710476_1.jpg,1125,871,1394,1258,0
data/HELEN/2239710476_1.jpg,515,816,688,1089,0
data/HELEN/224036417_1.jpg,514,586,773,870,1
data/HELEN/224036417_1.jpg,314,158,607,569,1
data/HELEN/224036417_2.jpg,296,186,561,551,1
data/HELEN/2240876637_1.jpg,407,522,941,1123,1
data/HELEN/2241609352_1.jpg,131,525,661,1209,1
data/HELEN/2242655460_1.jpg,132,113,403,478,1
data/HELEN/2246883372_1.jpg,823,541,1607,1491,1
data/HELEN/224690170_1.jpg,415,291,842,853,0
data/HELEN/224905605_1.jpg,195,235,515,712,0
data/HELEN/2249998377_1.jpg,232,300,989,1306,1
data/HELEN/2250199357_1.jpg,605,264,1137,927,1
data/HELEN/2250369835_1.jpg,182,236,521,690,1
data/HELEN/2251139211_1.jpg,242,962,743,1602,1
data/HELEN/2251139211_1.jpg,757,323,1362,1160,1
data/HELEN/2251201726_1.jpg,269,118,577,496,1
data/HELEN/225191079_1.jpg,387,14,583,286,1
data/HELEN/2254584858_1.jpg,472,384,1018,1110,1
data/HELEN/2255538912_1.jpg,96,159,343,489,0
data/HELEN/2255555023_1.jpg,157,175,474,613,1
data/HELEN/2255555023_1.jpg,454,103,817,546,1
data/HELEN/2257099355_1.jpg,397,273,717,698,1
data/HELEN/2257804450_1.jpg,103,98,354,436,1
data/HELEN/2258913498_1.jpg,276,185,561,577,0
data/HELEN/2262286043_1.jpg,294,179,569,537,1
data/HELEN/2262722996_1.jpg,354,74,674,436,1
data/HELEN/2266416332_1.jpg,234,139,506,498,0
data/HELEN/2267933931_1.jpg,230,207,555,627,1
data/HELEN/2267947745_1.jpg,78,309,435,744,0
data/HELEN/2267947745_1.jpg,514,0,833,486,1
data/HELEN/2268207831_1.jpg,167,0,447,362,1
data/HELEN/2268738156_1.jpg,787,548,1526,1525,1
data/HELEN/2269501063_1.jpg,577,401,1159,1134,0
data/HELEN/22699817_1.jpg,249,376,402,597,1
data/HELEN/22699817_1.jpg,1444,437,1702,821,0
data/HELEN/2270525548_1.jpg,506,413,1061,1090,0
data/HELEN/2276629742_1.jpg,595,402,1152,1156,1
data/HELEN/2276629742_2.jpg,525,391,1004,1001,1
data/HELEN/2277805385_1.jpg,283,166,551,565,1
data/HELEN/2279324750_1.jpg,257,171,547,551,1
data/HELEN/227943776_1.jpg,566,343,1142,1155,0
data/HELEN/2282207808_1.jpg,429,137,756,595,0
data/HELEN/2286067877_1.jpg,356,110,695,569,1
data/HELEN/2286982317_1.jpg,479,336,911,902,0
data/HELEN/2286982317_1.jpg,0,288,358,859,1
data/HELEN/2288136183_1.jpg,747,429,954,711,1
data/HELEN/2289185361_1.jpg,144,47,439,421,0
data/HELEN/228950047_1.jpg,113,0,400,377,1
data/HELEN/2289530648_1.jpg,404,332,759,758,1
data/HELEN/2289874177_1.jpg,347,582,1069,1500,1
data/HELEN/2289957281_1.jpg,545,619,1463,1876,1
data/HELEN/2290385398_2.jpg,0,0,706,1037,1
data/HELEN/2290385398_2.jpg,1014,509,1858,1723,1
data/HELEN/2290385398_2.jpg,1778,202,2644,1408,1
data/HELEN/22920624_1.jpg,276,66,781,746,1
data/HELEN/2292430114_1.jpg,83,169,377,522,1
data/HELEN/2293417920_1.jpg,442,352,836,847,1
data/HELEN/2293424058_1.jpg,668,449,1350,1349,1
data/HELEN/2293424058_2.jpg,591,384,1141,1129,1
data/HELEN/2293429456_1.jpg,645,562,1398,1467,0
data/HELEN/2295734120_1.jpg,269,174,523,539,1
data/HELEN/2296662024_1.jpg,400,145,1130,1080,1
data/HELEN/2296738336_1.jpg,642,486,1291,1351,0
data/HELEN/2298271312_1.jpg,395,305,784,772,0
data/HELEN/2301024765_1.jpg,311,162,946,1037,0
data/HELEN/230131544_1.jpg,386,251,817,851,1
data/HELEN/2302182824_1.jpg,147,90,459,496,1
data/HELEN/2302208915_1.jpg,356,247,713,721,1
data/HELEN/2302240607_1.jpg,480,331,873,892,0
data/HELEN/2302240607_2.jpg,424,319,764,770,0
data/HELEN/2302927584_1.jpg,274,174,564,554,0
data/HELEN/2302987350_1.jpg,718,297,897,630,1
data/HELEN/2302987350_1.jpg,315,192,606,581,1
data/HELEN/2303538653_1.jpg,221,150,509,521,0
data/HELEN/2304061735_1.jpg,210,165,579,623,1
data/HELEN/2304174066_1.jpg,54,45,360,454,1
data/HELEN/230420772_1.jpg,853,691,1749,1754,1
data/HELEN/2304715356_1.jpg,322,0,655,418,0
data/HELEN/230499681_1.jpg,1135,409,2272,1894,1
data/HELEN/230501201_1.jpg,778,888,1875,2325,1
data/HELEN/2305845249_1.jpg,394,236,743,665,1
data/HELEN/2306258846_1.jpg,263,3,527,317,1
data/HELEN/2306396832_1.jpg,179,267,571,731,1
data/HELEN/2307775231_1.jpg,554,375,1053,1042,0
data/HELEN/2308489181_1.jpg,300,207,591,587,1
data/HELEN/2308489181_2.jpg,288,183,564,567,1
data/HELEN/2308489181_3.jpg,312,223,612,621,1
data/HELEN/2308648441_1.jpg,1027,669,2018,1850,0
data/HELEN/231216392_1.jpg,880,547,1159,929,1
data/HELEN/231216392_1.jpg,353,345,767,941,1
data/HELEN/2312289834_1.jpg,436,378,911,992,0
data/HELEN/2312507373_1.jpg,668,570,2182,2444,1
data/HELEN/2312639559_1.jpg,824,864,1001,1110,1
data/HELEN/231292975_1.jpg,331,209,951,1067,1
data/HELEN/2313830319_1.jpg,865,209,2121,1898,1
data/HELEN/2314301953_1.jpg,188,168,509,603,0
data/HELEN/2314307459_1.jpg,177,50,593,608,0
data/HELEN/2315111554_1.jpg,256,95,692,674,1
data/HELEN/2315541918_1.jpg,1069,839,2255,2358,0
data/HELEN/2316734819_1.jpg,349,223,582,492,1
data/HELEN/2317364698_1.jpg,386,303,719,744,1
data/HELEN/2317364698_2.jpg,304,209,609,615,0
data/HELEN/2318977243_1.jpg,730,1087,2178,2990,0
data/HELEN/2320093697_1.jpg,788,181,1788,1490,1
data/HELEN/2320120349_1.jpg,326,237,671,666,1
data/HELEN/2320120349_1.jpg,0,293,196,752,1
data/HELEN/2320120349_2.jpg,312,226,663,703,1
data/HELEN/2320215864_1.jpg,522,273,1059,989,0
data/HELEN/2320302773_1.jpg,748,46,1522,1117,0
data/HELEN/2321686152_1.jpg,646,173,1581,1405,0
data/HELEN/232194_1.jpg,528,314,1053,960,0
data/HELEN/2322139919_1.jpg,417,250,823,772,0
data/HELEN/232329021_1.jpg,308,144,579,512,0
data/HELEN/2324602074_1.jpg,392,269,1539,1805,0
data/HELEN/2324645033_1.jpg,365,184,674,588,0
data/HELEN/2325274893_1.jpg,14,282,343,705,0
data/HELEN/2325274893_1.jpg,392,228,769,764,0
data/HELEN/2325274893_1.jpg,680,138,954,488,1
data/HELEN/2325274893_1.jpg,847,368,1164,819,0
data/HELEN/2325305205_1.jpg,394,235,765,751,0
data/HELEN/2325305205_2.jpg,352,223,698,710,0
data/HELEN/2325337095_1.jpg,592,336,1182,1195,1
data/HELEN/2325337095_1.jpg,47,588,561,1324,1
data/HELEN/2326107432_1.jpg,871,312,1721,1379,1
data/HELEN/2326123678_1.jpg,399,286,726,748,1
data/HELEN/2326123678_2.jpg,328,205,648,651,1
data/HELEN/2326138430_1.jpg,0,21,502,787,0
data/HELEN/2326138430_1.jpg,560,421,1023,1028,0
data/HELEN/2326158218_1.jpg,1075,633,2068,2016,0
data/HELEN/2326158218_2.jpg,1115,263,2207,1793,1
data/HELEN/2326182644_1.jpg,1305,243,2123,1217,1
data/HELEN/2326182644_1.jpg,536,398,1424,1518,0
data/HELEN/2326183026_1.jpg,589,592,1391,1637,0
data/HELEN/2326647920_1.jpg,481,378,891,885,1
data/HELEN/2327074205_1.jpg,608,430,1156,1144,1
data/HELEN/232750395_1.jpg,356,229,681,685,1
data/HELEN/232758871_1.jpg,185,160,578,654,0
data/HELEN/2329090822_1.jpg,181,37,452,408,1
data/HELEN/2329110240_1.jpg,1075,354,1197,526,0
data/HELEN/2329110240_1.jpg,1598,326,1713,481,0
data/HELEN/2329110240_1.jpg,537,330,665,519,0
data/HELEN/2330128831_1.jpg,411,46,858,643,1
data/HELEN/2330128905_1.jpg,225,231,572,686,1
data/HELEN/2330129299_1.jpg,366,74,846,722,0
data/HELEN/2330129413_1.jpg,371,111,868,778,0
data/HELEN/2330721439_1.jpg,615,381,1229,1237,0
data/HELEN/2330955274_1.jpg,263,101,742,725,1
data/HELEN/2330955410_1.jpg,304,189,694,701,0
data/HELEN/2330955526_1.jpg,249,88,752,761,0
data/HELEN/2330955614_1.jpg,342,122,752,646,1
data/HELEN/2331075487_1.jpg,573,590,1955,2444,1
data/HELEN/2331146163_1.jpg,1089,707,2030,1920,1
data/HELEN/2331853202_1.jpg,233,107,517,477,0
data/HELEN/2332408096_1.jpg,199,183,582,673,1
data/HELEN/2333670757_1.jpg,890,210,1955,1650,0
data/HELEN/2336833345_1.jpg,399,659,1294,1801,1
data/HELEN/2339510439_1.jpg,1942,530,2172,822,0
data/HELEN/2339510439_1.jpg,969,629,1197,946,0
data/HELEN/2339510439_1.jpg,503,252,660,579,0
data/HELEN/2339846774_1.jpg,362,276,628,620,0
data/HELEN/233993272_1.jpg,594,268,1757,1861,1
data/HELEN/2340693798_1.jpg,319,224,576,576,1
data/HELEN/2341783781_1.jpg,389,192,1073,1040,0
data/HELEN/2343200154_1.jpg,891,739,1893,1950,0
data/HELEN/2343665394_1.jpg,698,415,1350,1335,0
data/HELEN/2344217511_1.jpg,386,220,798,786,0
data/HELEN/2344218773_1.jpg,347,154,693,602,0
data/HELEN/2344219269_1.jpg,398,184,796,682,1
data/HELEN/2344221437_1.jpg,276,179,559,537,0
data/HELEN/2344899163_1.jpg,661,278,1910,1900,1
data/HELEN/2344967158_1.jpg,165,152,607,728,0
data/HELEN/2344972348_1.jpg,643,243,968,657,0
data/HELEN/2344972348_1.jpg,187,130,553,629,0
data/HELEN/2345048760_1.jpg,114,113,412,520,0
data/HELEN/2345048760_2.jpg,300,235,601,606,1
data/HELEN/2345049528_1.jpg,401,209,767,671,0
data/HELEN/2346175251_1.jpg,275,181,566,557,0
data/HELEN/2346521154_1.jpg,297,441,809,1098,0
data/HELEN/2349481463_1.jpg,643,712,1689,2042,0
data/HELEN/2350619624_1.jpg,239,83,534,453,0
data/HELEN/2350688586_1.jpg,338,210,659,678,0
data/HELEN/2351450794_1.jpg,1590,903,2988,2839,1
data/HELEN/2351504852_1.jpg,1586,1008,3189,2997,0
data/HELEN/2351926912_1.jpg,806,335,2016,1970,0
data/HELEN/2352254513_1.jpg,965,528,1846,1735,1
data/HELEN/2352307187_1.jpg,1019,602,1972,1856,1
data/HELEN/2352345861_1.jpg,878,305,2369,2250,1
data/HELEN/2352534555_1.jpg,677,402,1882,1933,0
data/HELEN/2353849_1.jpg,273,478,467,798,0
data/HELEN/2354287692_1.jpg,306,139,611,480,0
data/HELEN/2355375119_1.jpg,997,511,2192,2062,1
data/HELEN/235551382_1.jpg,177,0,463,359,0
data/HELEN/2355774121_1.jpg,1109,547,1384,958,1
data/HELEN/2355774121_1.jpg,491,392,922,904,1
data/HELEN/2356460241_1.jpg,505,86,945,693,0
data/HELEN/2356460241_1.jpg,140,231,434,668,0
data/HELEN/2358119745_1.jpg,292,188,569,511,0
data/HELEN/2359612328_1.jpg,1248,396,2811,2350,1
data/HELEN/2360524256_1.jpg,315,220,621,649,0
data/HELEN/2361275920_1.jpg,309,217,624,675,0
data/HELEN/2362828916_1.jpg,1478,718,2853,2589,1
data/HELEN/236505163_1.jpg,217,233,624,767,0
data/HELEN/236817064_1.jpg,272,159,643,658,1
data/HELEN/236942402_1.jpg,161,310,608,869,0
data/HELEN/2370158801_1.jpg,438,285,855,822,0
data/HELEN/2370995384_1.jpg,526,307,1019,938,0
data/HELEN/2371615952_1.jpg,1639,1008,3361,3250,1
data/HELEN/237212549_1.jpg,176,177,480,541,1
data/HELEN/2372995574_1.jpg,258,330,388,503,1
data/HELEN/2373667324_1.jpg,179,209,607,762,0
data/HELEN/23739492_1.jpg,682,332,1572,1433,0
data/HELEN/23739520_1.jpg,634,498,1432,1478,0
data/HELEN/2375918801_1.jpg,103,122,370,472,1
data/HELEN/237609288_1.jpg,214,102,585,583,0
data/HELEN/237609290_1.jpg,177,92,555,575,1
data/HELEN/2376315231_1.jpg,276,204,656,668,0
data/HELEN/2376488496_1.jpg,157,296,482,724,1
data/HELEN/2377409057_1.jpg,865,200,1950,1706,1
data/HELEN/237815567_1.jpg,1114,1073,1298,1296,0
data/HELEN/237815567_1.jpg,651,1126,846,1360,0
data/HELEN/237815567_1.jpg,2107,1108,2311,1384,0
data/HELEN/237815567_1.jpg,963,182,1151,434,1
data/HELEN/237815567_1.jpg,262,578,442,838,0
data/HELEN/237815567_1.jpg,1506,788,1670,991,1
data/HELEN/237815567_1.jpg,2322,700,2450,889,0
data/HELEN/2378246248_1.jpg,825,203,1901,1718,0
data/HELEN/2379148673_1.jpg,165,167,601,744,1
data/HELEN/238277879_1.jpg,264,363,752,969,0
data/HELEN/2382895882_1.jpg,1014,599,2269,2205,0
data/HELEN/2383880067_1.jpg,252,116,586,574,0
data/HELEN/2384712054_1.jpg,262,173,603,652,1
data/HELEN/2385322025_1.jpg,984,173,1921,1394,0
data/HELEN/2385498145_1.jpg,442,312,895,901,0
data/HELEN/2385650791_1.jpg,410,367,782,791,1
data/HELEN/2385787457_1.jpg,852,270,1872,1667,0
data/HELEN/2385787737_1.jpg,830,199,1953,1734,1
data/HELEN/2385871165_1.jpg,138,154,433,524,0
data/HELEN/2386587221_1.jpg,156,105,461,552,1
data/HELEN/2386611784_1.jpg,481,253,1031,951,1
data/HELEN/2386704064_1.jpg,386,72,746,565,0
data/HELEN/2386722927_1.jpg,614,381,1647,1713,1
data/HELEN/2388603859_1.jpg,526,311,1038,1032,0
data/HELEN/2389197606_5.jpg,313,233,655,635,1
data/HELEN/2389197606_5.jpg,739,185,959,618,0
data/HELEN/2389313905_1.jpg,355,30,754,591,0
data/HELEN/2390659302_1.jpg,655,921,1705,2248,1
data/HELEN/2392075438_1.jpg,956,521,1155,771,0
data/HELEN/2392075438_1.jpg,1683,481,1901,775,0
data/HELEN/2392075438_1.jpg,1990,378,2284,850,0
data/HELEN/2392075438_1.jpg,189,294,431,663,0
data/HELEN/2392075438_1.jpg,1612,386,1688,484,0
data/HELEN/2392075438_1.jpg,1948,400,2022,500,0
data/HELEN/2392075438_1.jpg,534,729,593,811,0
data/HELEN/2393479404_1.jpg,770,509,829,594,0
data/HELEN/2393479404_1.jpg,199,0,557,474,1
data/HELEN/2393607229_1.jpg,331,224,659,651,1
data/HELEN/2394310531_1.jpg,520,361,1116,1190,1
data/HELEN/2396310433_1.jpg,48,52,293,411,1
data/HELEN/2397575379_1.jpg,834,536,1613,1545,0
data/HELEN/2397581549_1.jpg,1074,496,2105,1825,0
data/HELEN/2397586201_2.jpg,525,408,992,969,1
data/HELEN/2397587931_1.jpg,637,451,1252,1168,0
data/HELEN/2397601939_1.jpg,582,435,1150,1161,1
data/HELEN/2397887915_1.jpg,586,431,1041,1047,0
data/HELEN/2397891505_1.jpg,392,217,770,662,0
data/HELEN/2397891757_1.jpg,722,219,1351,989,0
data/HELEN/2397893035_1.jpg,596,414,1187,1157,0
data/HELEN/2397897525_1.jpg,521,283,1020,904,1
data/HELEN/2397898535_1.jpg,709,418,1278,1204,0
data/HELEN/2397899047_1.jpg,822,560,1969,2215,0
data/HELEN/2398411262_1.jpg,906,607,1829,1785,1
data/HELEN/2398422506_1.jpg,75,0,441,398,1
data/HELEN/2398422506_1.jpg,469,306,948,937,1
data/HELEN/2398426982_1.jpg,958,324,1977,1600,0
data/HELEN/2398431338_1.jpg,589,467,1118,1124,0
data/HELEN/2398691129_1.jpg,580,274,1692,1847,0
data/HELEN/2398716782_1.jpg,661,478,1160,1137,0
data/HELEN/2398718412_1.jpg,456,313,869,883,0
data/HELEN/2398723600_1.jpg,605,679,1492,1786,1
data/HELEN/2398724096_1.jpg,490,207,927,735,0
data/HELEN/2398724424_1.jpg,455,316,872,872,0
data/HELEN/2398724830_1.jpg,448,555,1139,1333,0
data/HELEN/2398725148_1.jpg,439,318,1800,2122,0
data/HELEN/2398726534_1.jpg,764,382,1775,1499,0
data/HELEN/2400986257_1.jpg,218,242,583,731,1
data/HELEN/2401359779_1.jpg,544,474,1428,1578,0
data/HELEN/2401967202_1.jpg,314,295,745,887,0
data/HELEN/2402052185_1.jpg,333,222,680,651,0
data/HELEN/2402052185_2.jpg,358,245,700,695,1
data/HELEN/2402052185_3.jpg,358,291,678,695,0
data/HELEN/2402745714_1.jpg,319,246,704,760,0
data/HELEN/240281904_1.jpg,599,375,1151,1072,1
data/HELEN/240281904_1.jpg,0,459,382,979,0
data/HELEN/240281904_2.jpg,470,289,902,881,1
data/HELEN/2404040793_1.jpg,151,203,522,702,0
data/HELEN/2404966827_1.jpg,986,503,1856,1752,0
data/HELEN/2404969301_1.jpg,791,356,1906,1950,1
data/HELEN/2405521888_2.jpg,169,395,938,1407,1
data/HELEN/2405798840_1.jpg,988,286,1970,1648,0
data/HELEN/2405801774_1.jpg,723,298,1940,1964,1
data/HELEN/2406130609_1.jpg,367,484,1052,1421,0
data/HELEN/2406435030_1.jpg,222,188,611,728,0
data/HELEN/2406586388_1.jpg,653,577,806,774,0
data/HELEN/2406586388_1.jpg,1681,85,1929,449,0
data/HELEN/2406586388_1.jpg,177,643,321,831,0
data/HELEN/2407195618_1.jpg,707,623,2085,2460,0
data/HELEN/2407746151_1.jpg,641,261,1421,1219,1
data/HELEN/2407762189_1.jpg,147,215,433,571,1
data/HELEN/2408549321_1.jpg,692,438,1320,1329,0
data/HELEN/2408599550_1.jpg,346,178,679,589,1
data/HELEN/2408609508_1.jpg,176,228,526,714,0
data/HELEN/2409386512_1.jpg,485,306,943,971,0
data/HELEN/2410521422_1.jpg,565,379,1149,1126,1
data/HELEN/2410522334_1.jpg,1088,167,2031,1409,1
data/HELEN/2411561802_1.jpg,1094,595,2089,1930,0
data/HELEN/2411620252_1.jpg,516,229,1037,905,0
data/HELEN/2414075021_1.jpg,556,414,998,1012,0
data/HELEN/2415425614_1.jpg,180,174,622,685,1
data/HELEN/241618266_1.jpg,317,209,677,693,1
data/HELEN/2416254762_1.jpg,321,64,607,481,1
data/HELEN/2416614295_1.jpg,99,117,505,651,0
data/HELEN/2417212918_1.jpg,1017,1174,1124,1298,0
data/HELEN/2417212918_1.jpg,1446,828,1539,958,1
data/HELEN/2417212918_1.jpg,1656,1183,1766,1322,1
data/HELEN/2417212918_1.jpg,599,671,733,834,1
data/HELEN/2417212918_1.jpg,2144,921,2234,1032,1
data/HELEN/2417379685_1.jpg,116,275,525,829,0
data/HELEN/2418314368_1.jpg,662,387,1296,1234,0
data/HELEN/2419679570_1.jpg,116,338,646,1047,0
data/HELEN/2420389746_1.jpg,283,295,629,792,0
data/HELEN/2421145346_1.jpg,1266,844,2575,2483,0
data/HELEN/2421887901_1.jpg,508,347,923,923,0
data/HELEN/2422195369_1.jpg,725,687,1535,1678,0
data/HELEN/2423457662_1.jpg,305,223,760,827,1
data/HELEN/2423457666_1.jpg,292,368,941,1163,1
data/HELEN/2425505427_1.jpg,289,403,829,1062,0
data/HELEN/2425803315_1.jpg,410,267,820,835,0
data/HELEN/2426066819_1.jpg,384,156,754,634,1
data/HELEN/2426066823_1.jpg,248,183,550,587,1
data/HELEN/2426631349_1.jpg,96,199,347,519,1
data/HELEN/2426747542_1.jpg,209,158,574,635,0
data/HELEN/2428008911_1.jpg,391,257,845,879,0
data/HELEN/2428008923_1.jpg,385,190,911,783,1
data/HELEN/2430664591_1.jpg,649,763,1687,2090,0
data/HELEN/2431003802_1.jpg,990,430,2012,1746,1
data/HELEN/243214217_1.jpg,681,449,1306,1312,1
data/HELEN/2432280344_1.jpg,442,308,863,880,1
data/HELEN/243232372_1.jpg,352,124,715,616,1
data/HELEN/243232376_1.jpg,140,100,538,617,1
data/HELEN/2432515626_1.jpg,304,151,565,533,0
data/HELEN/2432854845_1.jpg,441,646,1244,1715,0
data/HELEN/2433671054_1.jpg,322,578,849,1260,0
data/HELEN/2433671054_1.jpg,1053,141,2043,1475,0
data/HELEN/2434739044_1.jpg,22,182,289,526,0
data/HELEN/2436151978_1.jpg,326,225,599,575,0
data/HELEN/2436151978_3.jpg,374,297,690,690,0
data/HELEN/2437352849_1.jpg,1008,219,1967,1466,0
data/HELEN/2437510272_1.jpg,303,417,890,1139,0
data/HELEN/2437565214_1.jpg,812,380,1818,1665,0
data/HELEN/2437602091_1.jpg,0,108,225,425,0
data/HELEN/243761838_1.jpg,304,102,695,556,0
data/HELEN/2437904540_1.jpg,333,199,675,670,1
data/HELEN/2439679146_1.jpg,750,503,1464,1430,1
data/HELEN/2439889861_1.jpg,299,231,573,575,0
data/HELEN/2439910346_1.jpg,319,185,635,580,0
data/HELEN/2441411300_1.jpg,891,720,1859,1939,1
data/HELEN/2441861132_1.jpg,265,187,537,525,0
data/HELEN/2442107375_1.jpg,189,299,601,848,0
data/HELEN/2442731862_1.jpg,672,2,1345,830,1
data/HELEN/2442933686_1.jpg,355,126,751,660,0
data/HELEN/2446262151_1.jpg,216,224,560,622,0
data/HELEN/2446496284_2.jpg,482,331,986,952,0
data/HELEN/2447154353_1.jpg,463,305,785,682,1
data/HELEN/2447154353_1.jpg,216,0,622,473,1
data/HELEN/2447772018_1.jpg,284,241,552,537,0
data/HELEN/2447989452_1.jpg,0,88,329,475,1
data/HELEN/2447989452_1.jpg,306,184,594,592,1
data/HELEN/2448291599_1.jpg,1865,982,2242,1545,0
data/HELEN/2448291599_1.jpg,783,461,1489,1296,1
data/HELEN/2449151024_1.jpg,939,599,1771,1715,0
data/HELEN/2449151024_1.jpg,1873,0,2604,1254,1
data/HELEN/2449179046_1.jpg,673,702,1505,1641,1
data/HELEN/2449594436_1.jpg,55,347,382,837,0
data/HELEN/2449594436_1.jpg,405,248,790,745,0
data/HELEN/2449764454_1.jpg,40,45,429,550,1
data/HELEN/2450984791_1.jpg,468,297,910,848,0
data/HELEN/2454607429_1.jpg,681,790,1733,2176,1
data/HELEN/2458204984_1.jpg,0,236,128,490,0
data/HELEN/2458204984_1.jpg,324,180,614,587,1
data/HELEN/245873250_1.jpg,135,43,407,387,0
data/HELEN/2461725904_1.jpg,123,295,513,804,0
data/HELEN/2465033947_1.jpg,615,105,1200,944,0
data/HELEN/2466353526_1.jpg,858,591,1698,1715,1
data/HELEN/2466415593_1.jpg,413,256,940,926,0
data/HELEN/2466594504_1.jpg,314,227,595,598,0
data/HELEN/2472784229_1.jpg,1014,396,2033,1857,1
data/HELEN/24729177_1.jpg,113,159,430,580,0
data/HELEN/2473945935_1.jpg,193,179,514,577,1
data/HELEN/2474157761_1.jpg,739,163,1517,1206,1
data/HELEN/2474157761_1.jpg,1541,803,1999,1474,0
data/HELEN/2476555449_1.jpg,456,359,849,841,0
data/HELEN/2477515529_1.jpg,834,0,1490,770,0
data/HELEN/2477515529_3.jpg,668,411,1277,1290,1
data/HELEN/2477598941_1.jpg,286,118,574,500,0
data/HELEN/2477598941_1.jpg,0,71,144,374,0
data/HELEN/2477698161_1.jpg,238,296,589,775,0
data/HELEN/2477958141_1.jpg,384,245,784,765,0
data/HELEN/2477958141_2.jpg,462,387,905,939,0
data/HELEN/2478571096_1.jpg,268,214,558,653,1
data/HELEN/24795717_1.jpg,187,109,326,283,1
data/HELEN/24795717_1.jpg,606,119,726,288,0
data/HELEN/24795717_1.jpg,429,147,555,318,1
data/HELEN/2480602910_1.jpg,1110,428,2195,1794,0
data/HELEN/248255433_1.jpg,82,102,375,483,0
data/HELEN/2483534214_1.jpg,362,257,709,706,0
data/HELEN/2483653127_1.jpg,671,572,1268,1272,1
data/HELEN/2484089292_1.jpg,718,890,2192,2813,1
data/HELEN/2484463018_1.jpg,868,278,1742,1392,0
data/HELEN/2485495082_1.jpg,1573,24,2362,1031,0
data/HELEN/2485495082_1.jpg,863,561,1661,1669,0
data/HELEN/248684423_1.jpg,201,358,880,1228,0
data/HELEN/2487307260_1.jpg,635,401,1289,1274,1
data/HELEN/2488100923_1.jpg,1389,371,2632,2091,0
data/HELEN/2488505181_1.jpg,432,286,1022,1055,1
data/HELEN/2489085841_1.jpg,484,100,885,653,0
data/HELEN/2489465975_1.jpg,122,277,630,971,1
data/HELEN/2490334278_1.jpg,732,834,2061,2566,0
data/HELEN/2491145700_1.jpg,524,102,1047,835,0
data/HELEN/2492944654_1.jpg,1059,6,2087,1368,1
data/HELEN/2493621535_1.jpg,650,444,1842,1906,0
data/HELEN/2495650350_1.jpg,71,168,338,513,0
data/HELEN/2496151369_1.jpg,346,215,1175,1248,0
data/HELEN/2496845639_1.jpg,572,400,1112,1118,0
data/HELEN/2496847811_1.jpg,579,470,1187,1250,1
data/HELEN/2497150361_1.jpg,300,166,1006,1113,1
data/HELEN/2497670922_1.jpg,602,528,1306,1446,1
data/HELEN/2497794830_1.jpg,349,101,626,456,0
data/HELEN/2497976014_1.jpg,352,201,745,708,1
data/HELEN/2497978188_1.jpg,454,150,779,633,1
data/HELEN/249852286_1.jpg,484,321,950,976,1
data/HELEN/249852286_2.jpg,284,312,724,885,1
data/HELEN/2498590482_1.jpg,554,335,1149,1159,1
data/HELEN/249871116_1.jpg,384,472,944,1125,0
data/HELEN/2500088309_1.jpg,359,268,887,983,1
data/HELEN/2500088309_2.jpg,517,361,1010,1011,1
data/HELEN/2500920192_1.jpg,309,185,607,591,1
data/HELEN/2500920400_1.jpg,434,188,794,678,1
data/HELEN/2501339174_1.jpg,616,741,1680,2123,1
data/HELEN/2501616966_1.jpg,228,261,622,775,1
data/HELEN/250246725_1.jpg,434,311,1069,1131,1
data/HELEN/250277765_1.jpg,285,95,473,333,1
data/HELEN/250277765_1.jpg,596,153,740,359,0
data/HELEN/2502797758_1.jpg,266,127,473,428,0
data/HELEN/2502913945_1.jpg,872,394,1768,1530,0
data/HELEN/2504948725_1.jpg,807,0,1198,500,1
data/HELEN/2504948725_1.jpg,398,260,792,796,0
data/HELEN/2505523580_1.jpg,512,302,1108,1135,0
data/HELEN/2506448164_1.jpg,1131,157,2619,2227,1
data/HELEN/2507367343_1.jpg,315,170,809,780,0
data/HELEN/2507543274_1.jpg,277,198,567,580,1
data/HELEN/2511563395_1.jpg,159,0,640,575,0
data/HELEN/2511905092_1.jpg,407,373,941,1054,1
data/HELEN/2512750679_1.jpg,21,50,505,692,0
data/HELEN/2513178752_1.jpg,687,441,1310,1267,0
data/HELEN/2513178752_1.jpg,687,441,1310,1267,0
data/HELEN/2514104824_1.jpg,144,261,594,872,0
data/HELEN/2514843771_1.jpg,94,224,408,648,0
data/HELEN/2514843829_1.jpg,111,170,448,636,1
data/HELEN/251544505_1.jpg,65,44,406,492,0
data/HELEN/2515668654_1.jpg,233,71,646,636,1
data/HELEN/2515748640_1.jpg,537,365,1049,1016,0
data/HELEN/2516299615_1.jpg,660,21,1269,862,0
data/HELEN/2516806579_1.jpg,434,250,840,810,1
data/HELEN/2519183112_1.jpg,559,438,1127,1157,1
data/HELEN/2519293956_1.jpg,863,252,1065,563,0
data/HELEN/2519293956_1.jpg,630,184,848,494,1
data/HELEN/2520325864_1.jpg,868,642,1530,1502,0
data/HELEN/2521596793_1.jpg,340,200,691,678,1
data/HELEN/2524358270_1.jpg,608,825,1868,2506,1
data/HELEN/2524386803_1.jpg,828,997,2335,3036,1
data/HELEN/2525080073_1.jpg,485,317,925,933,1
data/HELEN/2525221598_1.jpg,838,580,1688,1677,0
data/HELEN/2525904180_1.jpg,382,254,708,632,1
data/HELEN/2525905984_1.jpg,313,258,597,611,1
data/HELEN/2527422664_1.jpg,1277,579,2559,2174,0
data/HELEN/2528600614_1.jpg,434,279,1414,1550,1
data/HELEN/2528689679_1.jpg,187,82,687,753,1
data/HELEN/2529411571_1.jpg,562,677,1449,1759,1
data/HELEN/2529462320_1.jpg,152,340,567,883,1
data/HELEN/2529559836_1.jpg,475,327,958,964,0
data/HELEN/2529559836_1.jpg,95,87,546,730,1
data/HELEN/2529559836_2.jpg,264,287,619,778,0
data/HELEN/252976245_1.jpg,335,98,698,599,1
data/HELEN/2530498353_1.jpg,479,313,784,713,0
data/HELEN/2530498353_1.jpg,183,52,526,527,1
data/HELEN/2530880920_1.jpg,520,371,1113,1094,1
data/HELEN/2530880990_1.jpg,629,355,1188,1043,0
data/HELEN/2532979343_1.jpg,562,0,1035,652,0
data/HELEN/2532979343_1.jpg,948,567,1334,1117,0
data/HELEN/2533221503_1.jpg,446,577,1637,2090,1
data/HELEN/2533685677_1.jpg,740,170,995,497,0
data/HELEN/2533685677_1.jpg,306,106,609,566,0
data/HELEN/2533685677_2.jpg,0,181,230,490,0
data/HELEN/2533685677_2.jpg,332,164,615,538,0
data/HELEN/2533795622_1.jpg,922,872,1283,1302,1
data/HELEN/2533795622_1.jpg,494,204,907,803,0
data/HELEN/2533799522_1.jpg,410,141,761,639,1
data/HELEN/2533799522_1.jpg,872,665,1172,1084,1
data/HELEN/2533908657_2.jpg,784,618,1533,1545,1
data/HELEN/2533908657_2.jpg,0,34,448,1199,1
data/HELEN/2533918233_1.jpg,471,375,686,637,0
data/HELEN/2533918233_1.jpg,902,76,1775,1255,1
data/HELEN/2533918233_1.jpg,1653,655,2368,1605,1
data/HELEN/2533918233_1.jpg,2273,302,2446,531,0
data/HELEN/2534288728_1.jpg,321,109,860,773,0
data/HELEN/2534731068_1.jpg,784,257,1515,1275,0
data/HELEN/2534731068_2.jpg,821,591,1559,1568,1
data/HELEN/2534934254_1.jpg,573,132,1088,830,1
data/HELEN/2535719318_3.jpg,485,389,934,928,1
data/HELEN/2536015089_1.jpg,629,420,1226,1236,1
data/HELEN/2536015971_1.jpg,626,437,1395,1555,0
data/HELEN/2536681755_1.jpg,815,521,1561,1577,1
data/HELEN/2536681755_2.jpg,621,455,1325,1405,1
data/HELEN/2536832392_1.jpg,594,721,2047,2677,0
data/HELEN/2537969929_1.jpg,418,887,1913,2883,1
data/HELEN/2537972279_1.jpg,542,993,1866,2789,1
data/HELEN/2538548404_1.jpg,338,172,653,598,0
data/HELEN/2538980825_1.jpg,306,194,595,574,0
data/HELEN/253915276_1.jpg,949,326,1130,573,0
data/HELEN/2540009576_1.jpg,719,656,1708,1889,0
data/HELEN/254040505_1.jpg,253,159,601,565,1
data/HELEN/2540799498_1.jpg,310,603,961,1451,1
data/HELEN/2540954257_1.jpg,399,154,772,667,0
data/HELEN/2541112439_1.jpg,597,504,1234,1364,1
data/HELEN/2541112439_2.jpg,620,409,1202,1226,1
data/HELEN/2541125327_1.jpg,633,548,1161,1131,0
data/HELEN/2541637575_1.jpg,257,174,587,591,1
data/HELEN/2542834954_1.jpg,429,703,1435,2048,1
data/HELEN/2544305981_1.jpg,708,906,1832,2248,1
data/HELEN/2544306273_1.jpg,675,178,1286,954,0
data/HELEN/2544738096_1.jpg,110,195,465,660,1
data/HELEN/2544906205_1.jpg,428,271,827,837,1
data/HELEN/2545119553_1.jpg,234,116,527,515,1
data/HELEN/2545132994_1.jpg,761,567,1528,1519,1
data/HELEN/2546411220_1.jpg,1017,579,1866,1824,1
data/HELEN/2546411220_1.jpg,131,836,994,1915,1
data/HELEN/2546515404_1.jpg,412,306,855,842,0
data/HELEN/2547027076_1.jpg,310,185,603,554,0
data/HELEN/2547601276_1.jpg,591,520,1257,1311,1
data/HELEN/2547601276_1.jpg,1374,813,1913,1597,1
data/HELEN/2547802012_1.jpg,401,241,841,780,0
data/HELEN/2547808775_1.jpg,294,142,586,519,0
data/HELEN/2547890471_1.jpg,449,92,843,638,0
data/HELEN/2548364697_1.jpg,148,202,551,748,1
data/HELEN/2548725859_1.jpg,788,609,1473,1479,1
data/HELEN/2548725859_2.jpg,765,584,1471,1501,1
data/HELEN/2548725859_3.jpg,514,414,1214,1285,1
data/HELEN/2548811959_1.jpg,381,212,807,743,1
data/HELEN/2550281081_1.jpg,321,428,923,1244,1
data/HELEN/2550744227_1.jpg,753,530,1444,1487,1
data/HELEN/2550746669_1.jpg,569,391,1079,1093,1
data/HELEN/2551002855_1.jpg,173,185,654,845,0
data/HELEN/2551040213_1.jpg,836,519,1592,1595,0
data/HELEN/2551040609_1.jpg,668,479,1241,1268,1
data/HELEN/2551070375_1.jpg,899,525,1563,1510,0
data/HELEN/2551878386_1.jpg,251,281,708,890,0
data/HELEN/2552816820_2.jpg,310,198,602,581,0
data/HELEN/2552817767_1.jpg,531,322,1022,1024,1
data/HELEN/2553304295_1.jpg,434,220,784,594,0
data/HELEN/2553304823_1.jpg,410,87,813,603,0
data/HELEN/2553304823_1.jpg,805,503,1147,970,1
data/HELEN/2553305023_1.jpg,562,285,1053,912,1
data/HELEN/2553305603_1.jpg,1057,450,2047,1746,1
data/HELEN/2553305829_1.jpg,747,489,1470,1484,1
data/HELEN/2553356442_1.jpg,1228,0,2650,1629,0
data/HELEN/2554127648_1.jpg,305,232,647,681,0
data/HELEN/2554129050_1.jpg,496,261,992,915,1
data/HELEN/2554996128_1.jpg,418,276,849,868,0
data/HELEN/2558572603_1.jpg,141,184,461,591,1
data/HELEN/2559502581_1.jpg,259,239,604,710,1
data/HELEN/2559937512_1.jpg,160,77,420,436,0
data/HELEN/2560341685_1.jpg,539,158,1020,829,0
data/HELEN/2562123281_1.jpg,366,256,740,754,0
data/HELEN/2563042318_1.jpg,899,620,1787,1740,1
data/HELEN/2563604089_1.jpg,317,10,674,502,0
data/HELEN/2564651638_1.jpg,283,180,619,612,1
data/HELEN/2567215951_1.jpg,184,76,472,461,0
data/HELEN/2567246289_1.jpg,349,142,782,748,0
data/HELEN/2567897317_1.jpg,106,169,364,509,0
data/HELEN/2568977268_1.jpg,523,306,1003,1000,0
data/HELEN/2569659822_1.jpg,332,150,848,845,1
data/HELEN/2570967609_1.jpg,487,350,1124,1162,1
data/HELEN/2570977081_1.jpg,448,212,862,799,0
data/HELEN/2571808206_1.jpg,577,166,1146,970,0
data/HELEN/2571812886_1.jpg,684,570,2283,2624,1
data/HELEN/2572176925_1.jpg,529,765,2285,3137,1
data/HELEN/2579350496_1.jpg,202,219,540,687,1
data/HELEN/2579685145_1.jpg,791,271,1508,1282,0
data/HELEN/2580479214_1.jpg,290,424,454,637,1
data/HELEN/2580479214_1.jpg,883,401,978,542,0
data/HELEN/2580555849_1.jpg,368,229,730,705,0
data/HELEN/2583400257_1.jpg,474,0,965,560,0
data/HELEN/2583560347_1.jpg,292,163,595,572,0
data/HELEN/2583756661_1.jpg,484,271,943,943,0
data/HELEN/2584222434_1.jpg,247,56,629,557,1
data/HELEN/2584389682_1.jpg,339,182,681,626,0
data/HELEN/2584392198_1.jpg,275,188,534,544,1
data/HELEN/2587184713_1.jpg,584,293,1412,1361,1
data/HELEN/2588017894_1.jpg,409,371,763,768,0
data/HELEN/258914311_1.jpg,150,219,575,781,0
data/HELEN/2589513472_1.jpg,235,210,678,789,1
data/HELEN/2589809231_1.jpg,185,155,508,591,1
data/HELEN/2590097927_1.jpg,991,195,1997,1510,0
data/HELEN/2591957537_1.jpg,388,433,1146,1453,1
data/HELEN/2592795354_1.jpg,334,210,658,586,0
data/HELEN/2592795716_1.jpg,377,202,714,667,1
data/HELEN/2593505397_1.jpg,346,117,989,952,1
data/HELEN/2593999937_1.jpg,408,113,813,674,1
data/HELEN/2594343912_1.jpg,466,325,1087,1146,1
data/HELEN/2595390660_1.jpg,437,327,849,878,0
data/HELEN/2595390660_1.jpg,0,442,292,966,0
data/HELEN/2595390660_2.jpg,0,297,285,828,0
data/HELEN/2595390660_3.jpg,468,324,905,908,0
data/HELEN/2595390660_3.jpg,0,492,351,1040,0
data/HELEN/2595390660_3.jpg,1042,444,1347,928,0
data/HELEN/2597444784_1.jpg,270,148,630,625,0
data/HELEN/2598283337_1.jpg,290,123,705,696,1
data/HELEN/2598926500_1.jpg,819,569,1562,1607,1
data/HELEN/2599011432_1.jpg,208,186,467,543,0
data/HELEN/2599260456_1.jpg,226,40,523,434,1
data/HELEN/2600292591_2.jpg,337,228,646,664,0
data/HELEN/260290844_1.jpg,912,333,1863,1605,0
data/HELEN/260290849_1.jpg,809,91,1942,1496,1
data/HELEN/26041966_1.jpg,939,342,1429,974,1
data/HELEN/26041966_1.jpg,517,382,930,935,1
data/HELEN/2606355351_1.jpg,244,333,769,1069,1
data/HELEN/2607971564_1.jpg,134,53,756,889,0
data/HELEN/2609109576_1.jpg,92,147,405,540,1
data/HELEN/2609134545_1.jpg,101,122,382,503,0
data/HELEN/2609766139_1.jpg,141,2,557,564,0
data/HELEN/261068_1.jpg,236,102,334,239,1
data/HELEN/261068_1.jpg,413,158,499,265,1
data/HELEN/261068_2.jpg,236,102,334,239,0
data/HELEN/2610986753_1.jpg,91,150,403,549,1
data/HELEN/2612796933_1.jpg,150,112,619,727,1
data/HELEN/2613987958_1.jpg,566,325,1101,1085,1
data/HELEN/2614715469_1.jpg,616,507,1172,1205,0
data/HELEN/2615660715_1.jpg,361,96,775,641,1
data/HELEN/2615918865_1.jpg,908,219,1987,1607,1
data/HELEN/2615918865_1.jpg,1849,445,2854,1812,1
data/HELEN/261646976_1.jpg,217,297,868,1098,1
data/HELEN/2616752441_1.jpg,232,405,759,1066,0
data/HELEN/2617421168_1.jpg,460,400,845,850,1
data/HELEN/2618115520_1.jpg,389,220,756,716,0
data/HELEN/2618147986_1.jpg,291,173,575,576,1
data/HELEN/2619325600_1.jpg,208,159,660,757,1
data/HELEN/2620035751_1.jpg,401,155,762,624,1
data/HELEN/2620035751_1.jpg,9,664,366,1033,1
data/HELEN/2620035751_3.jpg,371,96,713,538,1
data/HELEN/2620035751_3.jpg,591,535,935,908,0
data/HELEN/2620035751_4.jpg,230,201,592,666,1
data/HELEN/2620035751_5.jpg,369,220,707,717,0
data/HELEN/2620035751_6.jpg,371,223,726,738,0
data/HELEN/2620035751_7.jpg,384,240,746,726,1
data/HELEN/2620035751_9.jpg,382,273,708,684,0
data/HELEN/2620035751_9.jpg,700,632,1088,1068,0
data/HELEN/2622481517_1.jpg,48,157,339,569,1
data/HELEN/2622481517_1.jpg,356,174,657,579,1
data/HELEN/2622481517_2.jpg,271,156,568,568,1
data/HELEN/2622481517_2.jpg,577,122,866,582,0
data/HELEN/2622481519_1.jpg,250,144,529,552,0
data/HELEN/2622481529_1.jpg,192,58,505,463,1
data/HELEN/2622481529_1.jpg,688,156,829,557,1
data/HELEN/2622481529_2.jpg,311,157,617,550,1
data/HELEN/2623755106_1.jpg,311,230,635,626,1
data/HELEN/2624015355_1.jpg,220,140,519,553,0
data/HELEN/262545392_1.jpg,388,234,730,716,1
data/HELEN/262545511_1.jpg,405,239,756,747,0
data/HELEN/2628518257_1.jpg,66,87,426,573,0
data/HELEN/2628518621_1.jpg,150,188,403,556,0
data/HELEN/2632393389_1.jpg,532,1003,1463,1803,1
data/HELEN/2635473457_1.jpg,654,297,1469,1178,1
data/HELEN/2635506982_1.jpg,498,206,898,791,0
data/HELEN/2637014787_1.jpg,521,385,1029,983,1
data/HELEN/2638234993_1.jpg,1141,447,2354,1862,0
data/HELEN/2639853121_1.jpg,475,351,997,1001,0
data/HELEN/2642751678_1.jpg,212,255,579,752,1
data/HELEN/2643349347_1.jpg,285,79,764,636,1
data/HELEN/2643601988_1.jpg,458,176,909,800,1
data/HELEN/2643601988_2.jpg,327,312,712,802,1
data/HELEN/2645235152_1.jpg,163,209,484,639,0
data/HELEN/2646055201_1.jpg,344,187,654,630,1
data/HELEN/2649826959_1.jpg,320,218,596,605,0
data/HELEN/2650258108_1.jpg,217,274,817,1023,0
data/HELEN/2651816235_1.jpg,1175,582,2240,2206,0
data/HELEN/2651829477_1.jpg,372,223,731,722,1
data/HELEN/2651953293_1.jpg,703,222,1358,1039,0
data/HELEN/265195892_1.jpg,406,202,953,847,0
data/HELEN/265196793_1.jpg,426,200,978,888,1
data/HELEN/2651968449_1.jpg,857,515,1639,1563,1
data/HELEN/2651987281_1.jpg,660,405,1298,1272,1
data/HELEN/2652089249_1.jpg,585,514,1441,1556,1
data/HELEN/2652699508_1.jpg,839,271,1608,1257,0
data/HELEN/2652716534_1.jpg,374,236,741,708,0
data/HELEN/2652744317_1.jpg,583,366,1155,1134,0
data/HELEN/2652792032_1.jpg,820,469,1584,1485,0
data/HELEN/2652853158_1.jpg,526,344,1015,997,0
data/HELEN/2652858910_1.jpg,517,371,1169,1299,1
data/HELEN/2652885718_1.jpg,625,374,1334,1326,1
data/HELEN/2652890824_1.jpg,1357,438,2657,2091,0
data/HELEN/2652906728_1.jpg,890,597,1747,1769,0
data/HELEN/2653111362_1.jpg,358,88,457,232,0
data/HELEN/2654219004_1.jpg,604,895,1738,2401,1
data/HELEN/2655076570_1.jpg,762,193,1339,1013,0
data/HELEN/2655475577_1.jpg,78,25,367,417,1
data/HELEN/2658283615_1.jpg,103,158,417,580,1
data/HELEN/2658289771_1.jpg,291,140,560,479,1
data/HELEN/2658697087_1.jpg,375,170,858,834,1
data/HELEN/2658788209_1.jpg,996,324,2069,1656,0
data/HELEN/2658969370_1.jpg,299,193,609,619,0
data/HELEN/2659115078_1.jpg,233,205,563,651,1
data/HELEN/26605529_1.jpg,110,98,383,470,1
data/HELEN/2662367038_1.jpg,0,477,213,758,1
data/HELEN/2662367038_1.jpg,373,300,716,729,1
data/HELEN/2662819619_1.jpg,214,66,468,410,0
data/HELEN/2663129694_1.jpg,373,0,749,441,1
data/HELEN/26638112_1.jpg,202,500,1051,1585,1
data/HELEN/2663848100_1.jpg,453,388,917,1025,1
data/HELEN/2663851370_1.jpg,460,368,824,842,1
data/HELEN/2664560956_1.jpg,256,82,597,509,1
data/HELEN/2665438753_1.jpg,352,215,664,656,1
data/HELEN/2665714499_1.jpg,175,114,516,547,1
data/HELEN/2665780466_1.jpg,600,440,1139,1135,1
data/HELEN/2665784919_1.jpg,152,339,557,845,1
data/HELEN/2666384408_1.jpg,49,146,435,682,1
data/HELEN/2667636661_1.jpg,689,889,1059,1356,1
data/HELEN/2667636661_1.jpg,381,199,878,878,1
data/HELEN/2667636661_1.jpg,980,566,1394,1114,1
data/HELEN/2667636661_2.jpg,439,317,864,837,1
data/HELEN/2667636661_2.jpg,0,130,325,693,1
data/HELEN/2667636661_3.jpg,378,285,740,727,1
data/HELEN/2667636661_3.jpg,643,0,1078,477,1
data/HELEN/2667636661_4.jpg,381,242,822,814,1
data/HELEN/2678543215_1.jpg,616,541,1932,2183,0
data/HELEN/2678954209_1.jpg,495,422,1181,1352,1
data/HELEN/2680057771_1.jpg,48,329,1110,1739,0
data/HELEN/2682198868_1.jpg,1231,711,2291,2143,0
data/HELEN/268284860_1.jpg,685,455,1344,1312,0
data/HELEN/2685003351_1.jpg,970,464,1897,1635,1
data/HELEN/2685751196_1.jpg,861,227,2055,1817,1
data/HELEN/2685853470_1.jpg,843,451,1703,1589,1
data/HELEN/268625316_1.jpg,207,198,468,555,1
data/HELEN/268628556_1.jpg,144,321,509,772,1
data/HELEN/2687936736_1.jpg,528,382,1013,1038,1
data/HELEN/2688246368_1.jpg,775,571,1547,1530,1
data/HELEN/2688545621_1.jpg,211,95,662,708,0
data/HELEN/2689212210_1.jpg,834,343,1779,1579,1
data/HELEN/2689266554_1.jpg,260,172,527,528,1
data/HELEN/2689575221_1.jpg,296,99,615,527,0
data/HELEN/2690491397_1.jpg,320,405,814,1029,0
data/HELEN/2691986791_1.jpg,1002,286,2194,1853,1
data/HELEN/2692234417_1.jpg,715,295,1286,1067,0
data/HELEN/2692799934_1.jpg,1087,330,2155,1779,1
data/HELEN/2692799934_1.jpg,2443,1162,2720,1565,0
data/HELEN/26931199_1.jpg,385,272,797,757,0
data/HELEN/2697871888_1.jpg,368,184,689,587,0
data/HELEN/2698579516_1.jpg,543,680,1926,2515,0
data/HELEN/2699025198_1.jpg,474,307,929,904,0
data/HELEN/2699407428_1.jpg,688,421,1321,1346,0
data/HELEN/2699413804_1.jpg,338,225,675,658,0
data/HELEN/2699413804_2.jpg,390,284,791,732,1
data/HELEN/2699422785_1.jpg,266,157,667,683,1
data/HELEN/269968666_1.jpg,324,57,624,470,1
data/HELEN/2700238522_1.jpg,294,3,697,530,1
data/HELEN/2700468932_1.jpg,508,395,1011,1021,0
data/HELEN/2702543812_1.jpg,344,275,777,843,1
data/HELEN/2702590642_1.jpg,514,164,1206,1046,1
data/HELEN/2702798273_1.jpg,451,50,1042,825,1
data/HELEN/2702954419_1.jpg,376,603,1375,2007,1
data/HELEN/2705557901_1.jpg,674,412,1447,1393,1
data/HELEN/2706372454_1.jpg,677,463,1317,1321,1
data/HELEN/2706382376_1.jpg,422,303,870,898,0
data/HELEN/2706940948_1.jpg,77,317,755,1206,1
data/HELEN/2706973001_1.jpg,544,692,1810,2340,1
data/HELEN/2707641297_1.jpg,901,461,1773,1657,1
data/HELEN/2707642369_1.jpg,904,440,1775,1660,1
data/HELEN/2707642783_1.jpg,856,525,1798,1793,1
data/HELEN/2707644111_1.jpg,1147,408,2211,1909,1
data/HELEN/2707644515_1.jpg,1053,413,2034,1718,1
data/HELEN/270814102_1.jpg,946,661,1148,917,0
data/HELEN/270814102_1.jpg,263,572,493,871,0
data/HELEN/270814102_2.jpg,946,661,1148,917,0
data/HELEN/270814102_2.jpg,263,572,493,871,0
data/HELEN/2708459570_1.jpg,919,426,1729,1574,1
data/HELEN/2708460596_1.jpg,995,274,2193,1856,1
data/HELEN/2708694408_1.jpg,529,210,970,838,1
data/HELEN/2708694408_2.jpg,379,226,736,739,1
data/HELEN/2708694408_3.jpg,376,256,740,742,0
data/HELEN/2710033361_1.jpg,594,544,1319,1432,0
data/HELEN/2710860682_1.jpg,483,797,1745,2346,0
data/HELEN/2711278583_1.jpg,616,343,1634,1723,1
data/HELEN/2711926644_1.jpg,212,297,863,1174,0
data/HELEN/271207560_1.jpg,417,275,820,813,0
data/HELEN/271207626_1.jpg,382,172,711,614,0
data/HELEN/271207685_1.jpg,199,219,667,856,0
data/HELEN/271207741_1.jpg,402,200,752,680,0
data/HELEN/2715171150_1.jpg,368,86,560,353,0
data/HELEN/271580597_1.jpg,592,263,1146,1016,1
data/HELEN/2716434131_1.jpg,374,286,680,645,1
data/HELEN/2716694520_1.jpg,198,98,464,450,0
data/HELEN/2717658327_1.jpg,226,184,538,591,1
data/HELEN/2719309278_1.jpg,565,311,1196,1134,0
data/HELEN/2719463843_1.jpg,1005,474,1915,1676,1
data/HELEN/2719464221_1.jpg,946,273,2033,1745,1
data/HELEN/2719464361_1.jpg,1032,308,2026,1682,1
data/HELEN/2719467991_1.jpg,892,521,1721,1635,1
data/HELEN/2719469475_1.jpg,1069,230,2084,1628,1
data/HELEN/2719469639_1.jpg,943,201,2115,1746,1
data/HELEN/2719469801_1.jpg,989,388,2038,1785,1
data/HELEN/2719470487_1.jpg,1043,382,2053,1719,1
data/HELEN/2719472207_1.jpg,977,315,2042,1779,1
data/HELEN/2719473317_1.jpg,1037,369,2171,1813,1
data/HELEN/2719473671_1.jpg,860,618,1637,1671,1
data/HELEN/2719524583_1.jpg,779,521,1450,1459,1
data/HELEN/2720293102_1.jpg,1085,573,1974,1762,1
data/HELEN/2720295826_1.jpg,920,452,1775,1586,1
data/HELEN/2720296828_1.jpg,1140,522,2053,1749,1
data/HELEN/2720297592_1.jpg,1090,407,2128,1851,1
data/HELEN/2720792426_1.jpg,263,99,730,707,0
data/HELEN/2721024227_1.jpg,887,103,1673,1177,1
data/HELEN/2721311052_1.jpg,190,84,480,478,0
data/HELEN/2721527391_1.jpg,553,567,1730,2174,0
data/HELEN/2721866884_1.jpg,247,194,667,772,1
data/HELEN/2722611373_1.jpg,469,562,1349,1655,1
data/HELEN/2722618747_1.jpg,1041,611,1929,1817,1
data/HELEN/2722625419_1.jpg,276,300,1117,1368,0
data/HELEN/2722833286_1.jpg,223,426,1113,1668,0
data/HELEN/2724831350_1.jpg,877,578,1765,1717,1
data/HELEN/2726369211_1.jpg,998,359,1245,674,1
data/HELEN/2726369211_1.jpg,22,205,211,433,1
data/HELEN/2726369211_1.jpg,432,290,848,854,1
data/HELEN/2726369211_1.jpg,0,486,164,888,1
data/HELEN/2726369211_2.jpg,0,109,139,334,0
data/HELEN/2726369211_2.jpg,440,366,805,805,1
data/HELEN/2726369211_2.jpg,666,101,852,325,1
data/HELEN/2726913373_1.jpg,37,279,391,697,0
data/HELEN/2727051707_1.jpg,356,223,696,697,1
data/HELEN/2727051707_1.jpg,14,159,354,627,1
data/HELEN/272728945_1.jpg,270,317,726,864,0
data/HELEN/2728400620_1.jpg,374,188,708,616,0
data/HELEN/2733601788_1.jpg,75,417,276,658,1
data/HELEN/2733601788_1.jpg,235,139,478,462,1
data/HELEN/2734168604_1.jpg,246,281,969,1214,1
data/HELEN/273476938_1.jpg,430,32,797,531,1
data/HELEN/2735836218_1.jpg,502,251,974,823,1
data/HELEN/2737646637_1.jpg,850,638,1633,1564,0
data/HELEN/2738187790_1.jpg,157,14,826,871,1
data/HELEN/2738554611_1.jpg,626,503,1434,1626,1
data/HELEN/2738554611_2.jpg,867,526,1697,1615,1
data/HELEN/2738625961_1.jpg,107,170,559,735,0
data/HELEN/2739463536_1.jpg,252,150,646,690,1
data/HELEN/2739463852_1.jpg,226,204,507,585,1
data/HELEN/2740677001_1.jpg,749,516,1444,1352,0
data/HELEN/27409477_1.jpg,309,171,608,555,1
data/HELEN/2741097423_1.jpg,384,307,1089,1295,1
data/HELEN/2741148975_1.jpg,533,506,1246,1379,0
data/HELEN/2741246020_1.jpg,479,324,965,980,0
data/HELEN/2741469993_1.jpg,854,236,2029,1779,1
data/HELEN/2741472043_1.jpg,835,556,1622,1607,1
data/HELEN/2741633807_1.jpg,270,90,647,587,0
data/HELEN/2743458765_1.jpg,419,154,789,693,1
data/HELEN/2743945084_1.jpg,354,195,720,636,0
data/HELEN/2744427984_1.jpg,410,147,1259,1243,1
data/HELEN/2748125978_1.jpg,393,366,1908,2214,0
data/HELEN/2748918408_1.jpg,420,1069,1597,2614,1
data/HELEN/2749039135_1.jpg,541,249,1505,1429,0
data/HELEN/274928922_1.jpg,658,211,1273,1068,1
data/HELEN/274928922_1.jpg,1287,147,1928,1021,1
data/HELEN/2750423663_1.jpg,598,614,2103,2664,1
data/HELEN/2751381965_1.jpg,999,270,1201,552,1
data/HELEN/2751381965_1.jpg,1365,180,1589,478,0
data/HELEN/275252906_1.jpg,483,417,1112,1193,0
data/HELEN/275326542_1.jpg,714,279,1665,1486,1
data/HELEN/2753825731_1.jpg,630,371,1305,1250,1
data/HELEN/2755672817_1.jpg,315,223,628,639,1
data/HELEN/2755672817_1.jpg,797,459,953,898,1
data/HELEN/2755672817_2.jpg,322,202,645,631,0
data/HELEN/2756003523_1.jpg,134,74,350,366,1
data/HELEN/2756003523_1.jpg,457,276,978,965,1
data/HELEN/2756841760_1.jpg,443,293,862,867,0
data/HELEN/2756860536_1.jpg,476,338,835,850,0
data/HELEN/2757480328_1.jpg,688,444,1313,1275,1
data/HELEN/2758865686_1.jpg,918,582,1590,1519,1
data/HELEN/2759169934_1.jpg,283,34,650,512,0
data/HELEN/2759204795_1.jpg,344,149,1006,969,0
data/HELEN/2761037247_1.jpg,281,126,558,457,1
data/HELEN/2761106136_1.jpg,535,908,2004,2849,0
data/HELEN/2762499751_1.jpg,219,0,524,402,0
data/HELEN/2763403659_1.jpg,579,390,1099,1118,1
data/HELEN/2765583247_1.jpg,289,117,636,577,0
data/HELEN/2766429378_1.jpg,62,255,397,674,0
data/HELEN/2767060777_1.jpg,808,532,1394,1428,1
data/HELEN/2767428524_1.jpg,595,440,1236,1251,0
data/HELEN/276753589_1.jpg,698,496,1391,1330,1
data/HELEN/276823387_1.jpg,405,250,775,757,1
data/HELEN/2772487898_1.jpg,411,188,774,713,0
data/HELEN/2772764524_1.jpg,130,242,509,756,1
data/HELEN/277485584_1.jpg,605,415,1172,1261,0
data/HELEN/2776862669_1.jpg,806,1171,1946,2625,0
data/HELEN/277942089_1.jpg,295,290,877,1052,1
data/HELEN/277967015_1.jpg,184,48,502,469,1
data/HELEN/2780104878_1.jpg,104,171,400,581,1
data/HELEN/2781323593_1.jpg,1478,582,2568,2204,0
data/HELEN/2781323593_1.jpg,709,267,1636,1554,0
data/HELEN/2781570272_1.jpg,602,520,1161,1171,1
data/HELEN/2781888246_1.jpg,531,380,953,946,1
data/HELEN/2781888246_1.jpg,1245,855,1379,1085,0
data/HELEN/2781888246_1.jpg,326,550,520,837,0
data/HELEN/2782094272_1.jpg,694,384,1281,1183,1
data/HELEN/2782810504_1.jpg,215,204,548,659,0
data/HELEN/2783115454_1.jpg,444,203,899,836,0
data/HELEN/2783667002_1.jpg,952,0,1945,1129,1
data/HELEN/2784698988_1.jpg,235,219,659,820,1
data/HELEN/2787024761_1.jpg,405,206,865,805,1
data/HELEN/278735612_1.jpg,14,363,276,701,1
data/HELEN/278735612_1.jpg,621,308,893,723,0
data/HELEN/278735612_1.jpg,309,182,582,584,0
data/HELEN/278735612_2.jpg,351,265,632,650,0
data/HELEN/2788276334_1.jpg,312,181,623,620,1
data/HELEN/2788857428_1.jpg,293,102,568,470,1
data/HELEN/2790641531_1.jpg,432,334,807,795,0
data/HELEN/2790641531_2.jpg,377,182,697,646,1
data/HELEN/2790641531_3.jpg,412,252,796,756,0
data/HELEN/279233131_1.jpg,238,166,564,589,1
data/HELEN/2794843471_1.jpg,416,174,779,707,0
data/HELEN/2794931589_1.jpg,501,353,966,1031,1
data/HELEN/2794931589_1.jpg,943,650,1198,1163,1
data/HELEN/279534306_1.jpg,331,506,1341,1791,1
data/HELEN/2799715245_1.jpg,91,456,320,772,0
data/HELEN/2799715245_1.jpg,300,242,556,565,1
data/HELEN/2799926533_1.jpg,221,239,567,715,1
data/HELEN/280005127_1.jpg,651,316,1303,1208,0
data/HELEN/280005282_1.jpg,593,304,1167,1069,0
data/HELEN/280005501_1.jpg,530,249,1071,1014,1
data/HELEN/2801477372_1.jpg,535,111,1077,837,1
data/HELEN/2801512821_1.jpg,668,344,1273,1226,1
data/HELEN/2803423910_1.jpg,625,239,844,512,0
data/HELEN/2803423910_1.jpg,367,185,608,475,1
data/HELEN/2803552761_1.jpg,777,129,1599,1212,1
data/HELEN/280469750_1.jpg,835,561,1609,1569,0
data/HELEN/280469983_1.jpg,955,415,1845,1604,1
data/HELEN/280470249_1.jpg,958,350,2050,1819,0
data/HELEN/280470249_1.jpg,688,1021,1037,1440,0
data/HELEN/280470418_1.jpg,849,424,1555,1300,0
data/HELEN/2805324803_1.jpg,994,530,1825,1754,0
data/HELEN/2805325465_1.jpg,1035,494,1971,1737,0
data/HELEN/2805422179_1.jpg,789,79,852,158,0
data/HELEN/2805422179_1.jpg,415,174,546,336,1
data/HELEN/2805684771_1.jpg,268,261,627,724,1
data/HELEN/2806176050_1.jpg,1026,457,2005,1738,0
data/HELEN/2806176202_1.jpg,1009,451,1973,1643,1
data/HELEN/2806176632_1.jpg,1067,340,2104,1724,1
data/HELEN/2806896395_1.jpg,682,853,1977,2478,1
data/HELEN/2807842663_1.jpg,432,45,1320,1277,0
data/HELEN/2807859203_1.jpg,598,410,1072,1083,1
data/HELEN/2807861653_1.jpg,532,282,1003,929,1
data/HELEN/2807886461_1.jpg,1466,240,2788,1967,1
data/HELEN/2808715486_1.jpg,469,649,1600,2019,0
data/HELEN/2808726134_1.jpg,981,667,2014,2028,0
data/HELEN/2809056479_1.jpg,339,152,771,721,1
data/HELEN/2809588534_1.jpg,1107,711,2112,1900,1
data/HELEN/2810599755_1.jpg,495,838,1536,2168,1
data/HELEN/2810719929_1.jpg,985,62,1882,1291,1
data/HELEN/2810940241_1.jpg,181,53,504,440,1
data/HELEN/2813805354_1.jpg,168,112,429,469,0
data/HELEN/2813933393_1.jpg,223,54,559,500,0
data/HELEN/2815337739_1.jpg,182,165,674,768,0
data/HELEN/2815405614_1.jpg,132,170,464,610,0
data/HELEN/2815981843_1.jpg,480,420,1116,1229,1
data/HELEN/2815981843_2.jpg,714,411,1375,1257,1
data/HELEN/2816017219_1.jpg,558,701,1608,2107,1
data/HELEN/2816846040_1.jpg,970,555,1976,1926,1
data/HELEN/2816884634_1.jpg,492,350,970,984,1
data/HELEN/2816911718_1.jpg,667,444,1320,1310,1
data/HELEN/2817580682_1.jpg,877,742,1766,1887,0
data/HELEN/281972218_1.jpg,920,191,1177,552,0
data/HELEN/281972218_1.jpg,646,408,820,662,0
data/HELEN/2821337875_1.jpg,356,194,688,619,0
data/HELEN/2822983493_1.jpg,732,195,1012,592,1
data/HELEN/2822983493_1.jpg,383,300,717,733,1
data/HELEN/2822983493_2.jpg,688,0,965,404,0
data/HELEN/2822983493_2.jpg,738,136,965,605,0
data/HELEN/2822983493_2.jpg,328,232,630,647,0
data/HELEN/2822983493_3.jpg,0,295,296,739,0
data/HELEN/2823021392_1.jpg,821,342,1785,1458,1
data/HELEN/2823022939_1.jpg,0,111,499,725,0
data/HELEN/2823022939_1.jpg,502,317,1027,1020,0
data/HELEN/2823022939_1.jpg,1,490,429,1040,1
data/HELEN/2824129532_1.jpg,995,684,1930,1876,0
data/HELEN/2826061016_1.jpg,30,1050,1066,1809,0
data/HELEN/2826061016_1.jpg,946,309,1773,1368,1
data/HELEN/2826219311_1.jpg,1023,779,1908,1928,0
data/HELEN/2826239873_1.jpg,834,607,1688,1670,0
data/HELEN/2826630295_1.jpg,642,1,982,462,1
data/HELEN/2826630295_1.jpg,338,211,641,656,0
data/HELEN/2826630965_1.jpg,296,209,576,608,0
data/HELEN/2828057266_1.jpg,764,496,1494,1501,1
data/HELEN/2828699255_1.jpg,455,0,1243,871,0
data/HELEN/2830068322_1.jpg,470,479,1008,1116,0
data/HELEN/2830081484_1.jpg,687,810,1632,1971,1
data/HELEN/2830279146_1.jpg,230,210,949,1154,0
data/HELEN/2831214703_1.jpg,442,241,860,787,1
data/HELEN/2831234659_1.jpg,533,364,1037,1035,1
data/HELEN/2831234659_2.jpg,518,368,1035,1064,1
data/HELEN/2831964442_1.jpg,197,180,599,720,1
data/HELEN/2832087247_1.jpg,1341,1072,1658,1594,0
data/HELEN/2832087247_1.jpg,572,357,1102,1082,1
data/HELEN/2832087247_2.jpg,439,361,847,838,0
data/HELEN/2832573490_1.jpg,630,283,1309,1181,1
data/HELEN/2833382427_1.jpg,296,327,976,1200,1
data/HELEN/2833753426_1.jpg,325,193,630,618,1
data/HELEN/2833753426_2.jpg,313,232,623,617,1
data/HELEN/2834344907_1.jpg,831,641,1685,1705,1
data/HELEN/2836527486_1.jpg,169,110,428,470,0
data/HELEN/2837874919_1.jpg,213,183,503,561,0
data/HELEN/2837939503_1.jpg,316,179,593,567,1
data/HELEN/2837948229_1.jpg,423,256,809,768,1
data/HELEN/2838782176_1.jpg,282,215,640,711,0
data/HELEN/2838782582_1.jpg,96,197,441,656,0
data/HELEN/283895953_1.jpg,224,250,615,757,0
data/HELEN/2839127417_1.jpg,309,179,636,622,1
data/HELEN/2839174741_1.jpg,277,203,583,570,1
data/HELEN/2840009780_1.jpg,286,187,564,577,1
data/HELEN/2842060169_1.jpg,128,246,486,759,1
data/HELEN/2842543891_1.jpg,386,191,766,680,0
data/HELEN/2842853546_1.jpg,354,252,678,682,0
data/HELEN/2843934111_1.jpg,1212,804,2428,2220,1
data/HELEN/2844520516_1.jpg,65,35,290,326,0
data/HELEN/284499652_1.jpg,561,631,1480,1917,0
data/HELEN/2847910753_1.jpg,490,46,949,674,1
data/HELEN/2848544488_1.jpg,316,320,746,876,0
data/HELEN/2848964141_1.jpg,205,181,481,526,1
data/HELEN/2848964141_1.jpg,488,232,742,567,0
data/HELEN/2849785904_1.jpg,302,136,570,506,0
data/HELEN/2849854366_1.jpg,76,318,454,802,0
data/HELEN/2850227095_1.jpg,1027,584,1986,1893,1
data/HELEN/2850228639_1.jpg,985,531,1995,1887,1
data/HELEN/2850359046_1.jpg,203,213,585,692,0
data/HELEN/2851029498_1.jpg,1006,417,2020,1772,0
data/HELEN/2851040724_1.jpg,1206,364,2267,1751,1
data/HELEN/2851042664_1.jpg,1014,329,2068,1822,0
data/HELEN/2851045896_1.jpg,916,440,1804,1679,1
data/HELEN/2851148894_1.jpg,425,172,856,719,1
data/HELEN/2851148894_1.jpg,885,452,1269,971,0
data/HELEN/2852014535_1.jpg,163,59,435,397,0
data/HELEN/2853173185_1.jpg,342,109,649,511,0
data/HELEN/2853185850_1.jpg,340,211,672,671,0
data/HELEN/2853873126_1.jpg,289,178,567,554,1
data/HELEN/2854289847_1.jpg,579,641,1706,2204,0
data/HELEN/2857823310_1.jpg,397,1032,679,1259,0
data/HELEN/2857823310_1.jpg,445,313,820,815,1
data/HELEN/2857823310_1.jpg,0,233,221,817,1
data/HELEN/2858826857_1.jpg,1037,448,2019,1755,1
data/HELEN/2858827135_1.jpg,1067,511,1944,1687,1
data/HELEN/2859531900_1.jpg,472,541,1424,1825,1
data/HELEN/2861015002_1.jpg,343,145,648,518,0
data/HELEN/2861845083_1.jpg,783,558,1392,1429,0
data/HELEN/2861948045_1.jpg,1008,403,1904,1616,1
data/HELEN/2861948517_1.jpg,980,510,1837,1701,1
data/HELEN/2862378871_1.jpg,293,213,552,575,0
data/HELEN/2862779132_1.jpg,1057,461,1969,1734,1
data/HELEN/2862780316_1.jpg,1042,535,2001,1775,1
data/HELEN/2863107962_1.jpg,602,722,744,893,0
data/HELEN/2863107962_1.jpg,383,125,500,278,0
data/HELEN/2863107962_1.jpg,155,166,269,324,0
data/HELEN/2863358045_1.jpg,854,526,1732,1703,1
data/HELEN/2863670139_1.jpg,582,584,1349,1582,1
data/HELEN/2864260911_1.jpg,1545,660,2815,2318,0
data/HELEN/2864812753_1.jpg,637,478,1266,1265,1
data/HELEN/2864812753_2.jpg,535,513,1149,1349,0
data/HELEN/2864905534_1.jpg,443,1011,1870,2883,1
data/HELEN/2865881929_1.jpg,537,325,1072,1069,1
data/HELEN/2865980402_1.jpg,530,334,1011,1017,1
data/HELEN/2867434117_1.jpg,381,195,890,739,0
data/HELEN/2867659261_1.jpg,971,338,2032,1815,1
data/HELEN/2868155068_1.jpg,480,392,1020,1016,1
data/HELEN/2868566775_1.jpg,297,120,591,499,0
data/HELEN/2869128864_1.jpg,330,318,780,916,0
data/HELEN/2869939639_1.jpg,450,277,876,869,0
data/HELEN/2869939639_2.jpg,594,430,1087,1057,1
data/HELEN/2869939639_3.jpg,449,369,824,875,0
data/HELEN/2871609349_1.jpg,138,318,503,787,1
data/HELEN/2872584528_1.jpg,270,76,608,503,1
data/HELEN/2875351769_1.jpg,602,213,1127,896,0
data/HELEN/2876086461_1.jpg,277,160,588,549,0
data/HELEN/2876269569_1.jpg,789,320,2009,1779,0
data/HELEN/2876276251_1.jpg,836,365,2093,1862,1
data/HELEN/2876286822_1.jpg,514,605,1346,1705,0
data/HELEN/2876924522_1.jpg,279,112,568,489,0
data/HELEN/2877095014_1.jpg,891,330,2013,1794,0
data/HELEN/2877384571_1.jpg,726,729,2106,2474,1
data/HELEN/2877388805_1.jpg,771,529,1513,1530,1
data/HELEN/2879006749_1.jpg,264,38,607,468,0
data/HELEN/2879006749_1.jpg,587,108,905,468,0
data/HELEN/2879155528_1.jpg,313,235,637,642,1
data/HELEN/2879155528_2.jpg,286,191,577,581,1
data/HELEN/2879451526_1.jpg,328,210,887,925,1
data/HELEN/2879485750_1.jpg,258,165,654,667,1
data/HELEN/2879550020_1.jpg,928,427,1871,1632,0
data/HELEN/2879755333_1.jpg,410,623,1244,1652,0
data/HELEN/2880878213_1.jpg,353,208,694,705,1
data/HELEN/288094234_1.jpg,644,251,1728,1683,0
data/HELEN/2882149940_1.jpg,569,359,1016,1011,0
data/HELEN/2882152573_1.jpg,730,472,1464,1434,0
data/HELEN/2882152593_1.jpg,432,476,1626,2083,1
data/HELEN/2882152659_1.jpg,358,219,723,709,1
data/HELEN/2882168825_1.jpg,496,251,926,767,0
data/HELEN/288343911_1.jpg,14,432,646,1348,1
data/HELEN/288343911_1.jpg,707,391,1361,1281,0
data/HELEN/288343911_2.jpg,704,423,1351,1345,1
data/HELEN/288343911_2.jpg,1410,378,2050,1279,0
data/HELEN/288344083_1.jpg,466,536,1138,1370,1
data/HELEN/288344083_3.jpg,574,358,1130,1130,1
data/HELEN/288346752_1.jpg,652,566,1862,2143,1
data/HELEN/2887911765_1.jpg,367,259,740,702,0
data/HELEN/2889009039_1.jpg,321,167,645,607,0
data/HELEN/289029016_1.jpg,348,165,691,600,1
data/HELEN/289029016_1.jpg,42,153,359,528,0
data/HELEN/2891259033_1.jpg,255,96,561,499,0
data/HELEN/2891449285_1.jpg,419,271,819,795,1
data/HELEN/2893839207_1.jpg,252,42,584,436,0
data/HELEN/2893839207_1.jpg,543,286,835,673,0
data/HELEN/2894694074_1.jpg,196,192,655,804,0
data/HELEN/2895317691_1.jpg,227,64,594,546,1
data/HELEN/2896253715_1.jpg,494,334,980,999,1
data/HELEN/2898256824_1.jpg,893,146,1646,1057,0
data/HELEN/2898288466_1.jpg,191,0,532,450,0
data/HELEN/2898288466_1.jpg,583,122,934,627,0
data/HELEN/2898498038_1.jpg,388,246,766,769,1
data/HELEN/2898498038_2.jpg,381,231,752,751,0
data/HELEN/2898498038_3.jpg,340,218,687,691,0
data/HELEN/2899042869_1.jpg,73,234,560,833,1
data/HELEN/290160311_1.jpg,204,231,545,656,0
data/HELEN/2904389281_1.jpg,290,122,585,471,0
data/HELEN/2906597545_1.jpg,1030,433,2001,1696,1
data/HELEN/2906680022_1.jpg,24,219,148,417,0
data/HELEN/2906680022_1.jpg,330,239,674,665,0
data/HELEN/2906680022_1.jpg,857,161,974,395,0
data/HELEN/2908244346_1.jpg,898,0,2038,1431,0
data/HELEN/2908549_1.jpg,90,182,370,539,1
data/HELEN/2911658494_1.jpg,395,406,564,618,1
data/HELEN/2911658494_1.jpg,186,63,385,357,0
data/HELEN/291331356_1.jpg,150,229,476,624,0
data/HELEN/2914754366_1.jpg,1041,496,1986,1734,1
data/HELEN/291541184_1.jpg,147,0,406,327,0
data/HELEN/2915550024_1.jpg,401,291,815,811,0
data/HELEN/2917514517_1.jpg,998,213,2023,1584,0
data/HELEN/2917878894_1.jpg,634,412,1221,1209,1
data/HELEN/291888779_1.jpg,141,87,537,582,1
data/HELEN/292071013_1.jpg,1046,693,2123,2096,1
data/HELEN/2920710678_1.jpg,310,75,770,706,1
data/HELEN/292114712_1.jpg,406,168,901,822,0
data/HELEN/2921334922_1.jpg,259,239,1275,1499,0
data/HELEN/2921334924_1.jpg,396,606,1098,1471,1
data/HELEN/2921334928_1.jpg,249,440,805,1128,0
data/HELEN/2921367538_2.jpg,586,402,1173,1129,1
data/HELEN/2921367780_2.jpg,535,357,1115,1050,0
data/HELEN/2921368242_1.jpg,609,406,1219,1158,1
data/HELEN/2922728404_1.jpg,448,0,1053,757,0
data/HELEN/2923854121_1.jpg,421,53,1037,896,0
data/HELEN/2925378694_1.jpg,513,113,1042,840,0
data/HELEN/2925420542_1.jpg,515,379,1066,1101,1
data/HELEN/2926246380_1.jpg,335,106,617,506,0
data/HELEN/2927565564_1.jpg,495,204,956,849,0
data/HELEN/2932055669_1.jpg,612,474,1732,1915,1
data/HELEN/293279342_1.jpg,607,352,1170,1064,0
data/HELEN/2933512856_1.jpg,316,186,606,607,1
data/HELEN/2935679960_1.jpg,566,85,1143,847,0
data/HELEN/2936371006_1.jpg,1166,384,2292,1841,0
data/HELEN/2936371718_1.jpg,806,565,1646,1631,1
data/HELEN/2936372160_1.jpg,761,489,1588,1570,1
data/HELEN/2938251541_1.jpg,137,270,475,701,0
data/HELEN/2938258611_1.jpg,163,183,454,590,0
data/HELEN/2938393693_1.jpg,195,91,560,581,1
data/HELEN/2939104600_1.jpg,146,186,545,747,0
data/HELEN/2939119284_1.jpg,202,242,533,693,0
data/HELEN/2939528463_1.jpg,25,268,521,930,0
data/HELEN/2939530219_1.jpg,1306,297,2554,1894,0
data/HELEN/2939732721_1.jpg,944,165,2539,2262,1
data/HELEN/2940585434_1.jpg,1055,578,2089,1828,1
data/HELEN/2940587892_1.jpg,1051,369,2616,2413,1
data/HELEN/2942017513_1.jpg,352,0,642,348,0
data/HELEN/2942506445_1.jpg,595,492,1130,1162,1
data/HELEN/2942906283_1.jpg,547,373,935,973,0
data/HELEN/2943357054_1.jpg,663,423,1334,1331,0
data/HELEN/2943360326_1.jpg,323,250,612,600,0
data/HELEN/2943361594_1.jpg,434,284,832,842,0
data/HELEN/2943363160_1.jpg,422,607,1397,2011,0
data/HELEN/2944315612_1.jpg,278,336,1146,1452,1
data/HELEN/2945207608_1.jpg,1116,467,2081,1779,1
data/HELEN/2945212488_1.jpg,267,46,690,604,1
data/HELEN/2945298787_1.jpg,535,256,1029,874,0
data/HELEN/2945298787_2.jpg,498,372,900,913,0
data/HELEN/2945300917_1.jpg,975,491,1887,1697,0
data/HELEN/2945302269_1.jpg,951,593,1802,1716,0
data/HELEN/2947090433_1.jpg,314,125,611,545,1
data/HELEN/2947090433_1.jpg,557,300,835,672,1
data/HELEN/2947222498_1.jpg,787,479,1568,1543,1
data/HELEN/2948551782_1.jpg,1045,416,2043,1806,0
data/HELEN/2948663357_1.jpg,235,81,555,495,0
data/HELEN/294910692_1.jpg,420,305,851,826,1
data/HELEN/294910698_1.jpg,1482,385,2672,1782,1
data/HELEN/2950198886_1.jpg,499,91,961,681,0
data/HELEN/2950368779_1.jpg,43,192,379,629,1
data/HELEN/2950978886_1.jpg,99,159,496,670,1
data/HELEN/2952691495_1.jpg,803,490,1615,1598,1
data/HELEN/2952986052_1.jpg,372,238,723,733,0
data/HELEN/2953542090_1.jpg,903,629,1791,1725,1
data/HELEN/2954583227_1.jpg,812,614,1555,1567,0
data/HELEN/2957223413_1.jpg,330,243,612,621,1
data/HELEN/2957223541_1.jpg,637,505,1210,1204,0
data/HELEN/2957247402_1.jpg,177,242,475,623,0
data/HELEN/2957533922_1.jpg,1248,85,2384,1543,1
data/HELEN/2958065492_1.jpg,940,664,1856,1866,1
data/HELEN/2958065492_1.jpg,0,1251,519,2070,0
data/HELEN/2958560071_1.jpg,464,288,953,969,1
data/HELEN/2958855782_1.jpg,816,544,1631,1602,1
data/HELEN/2959228565_1.jpg,268,151,563,532,0
data/HELEN/2960256451_1.jpg,304,67,657,536,1
data/HELEN/2962206738_1.jpg,154,193,462,614,0
data/HELEN/2962437091_1.jpg,370,220,654,617,0
data/HELEN/2962805676_2.jpg,381,226,733,736,1
data/HELEN/2962805676_3.jpg,283,176,553,549,1
data/HELEN/2964968233_1.jpg,1070,0,1733,793,1
data/HELEN/2964968233_1.jpg,580,382,1147,1162,1
data/HELEN/2965035072_1.jpg,133,240,513,762,1
data/HELEN/2966782955_1.jpg,924,527,1876,1676,1
data/HELEN/2966783423_1.jpg,1024,350,1968,1658,0
data/HELEN/296814969_1.jpg,210,724,488,1025,1
data/HELEN/296814969_1.jpg,370,199,700,672,1
data/HELEN/296814969_2.jpg,499,674,764,968,0
data/HELEN/296814969_2.jpg,328,207,642,647,1
data/HELEN/296814969_3.jpg,283,201,563,563,1
data/HELEN/2968784797_1.jpg,585,679,2334,2845,0
data/HELEN/296961468_1.jpg,797,707,1893,2127,0
data/HELEN/2970690152_2.jpg,577,397,1054,1058,0
data/HELEN/2971848745_1.jpg,543,531,1937,2431,0
data/HELEN/2973812451_1.jpg,1030,497,1950,1750,1
data/HELEN/2973812613_1.jpg,1073,377,2109,1821,1
data/HELEN/297461011_1.jpg,367,293,764,841,1
data/HELEN/2975463532_1.jpg,659,524,1245,1262,0
data/HELEN/2977452543_1.jpg,1109,826,2102,2091,0
data/HELEN/2977452543_1.jpg,2768,607,3274,2070,0
data/HELEN/2978322154_1.jpg,848,431,1590,1430,0
data/HELEN/2978322154_2.jpg,579,462,1117,1068,0
data/HELEN/2980607773_1.jpg,510,340,988,977,1
data/HELEN/2981942448_1.jpg,345,147,991,948,0
data/HELEN/2982058191_1.jpg,328,756,1414,2203,0
data/HELEN/2983659912_1.jpg,662,403,1459,1416,0
data/HELEN/2983659920_1.jpg,584,387,1163,1175,1
data/HELEN/2983659924_1.jpg,1116,573,2251,2074,1
data/HELEN/2984236559_1.jpg,110,175,390,554,0
data/HELEN/2984431316_1.jpg,630,324,1977,1994,0
data/HELEN/2984478058_1.jpg,379,269,754,755,1
data/HELEN/2985256877_1.jpg,771,585,1503,1519,0
data/HELEN/2985256907_1.jpg,795,532,1561,1526,1
data/HELEN/2985256907_1.jpg,84,0,840,878,1
data/HELEN/2986008801_1.jpg,785,534,1501,1528,1
data/HELEN/298620293_1.jpg,553,505,1442,1606,1
data/HELEN/2988554491_1.jpg,0,332,304,862,1
data/HELEN/2988554491_1.jpg,524,404,962,977,0
data/HELEN/2988557119_1.jpg,959,366,1845,1552,0
data/HELEN/2990717111_1.jpg,147,128,455,499,0
data/HELEN/299189676_1.jpg,282,355,1208,1566,0
data/HELEN/2993039649_1.jpg,310,140,598,541,1
data/HELEN/2993039649_1.jpg,581,288,862,678,1
data/HELEN/2993129254_1.jpg,615,429,1196,1193,0
data/HELEN/2996372177_1.jpg,1122,356,2065,1704,0
data/HELEN/2998446585_1.jpg,547,359,969,942,0
data/HELEN/2998572157_1.jpg,827,582,1647,1647,0
data/HELEN/2998572157_2.jpg,844,560,1649,1648,0
data/HELEN/3000401944_1.jpg,319,226,607,622,0
data/HELEN/3000819872_1.jpg,727,506,1419,1460,0
